playerID,num_years,stint,G,AB,R,H,1B,2B,3B,AVG,SLG,HR,RBI,OBP,SB,CS,BB,SO,IBB,HBP,SH,SF,GIDP,Full Name,inducted,weight,height,bats,throws,debut,finalGame,retroID,bbrefID
abreujo02,2,2,299,1169,168,354,214,69,5,0.302822926,0.539777588,66,208,0.376899696,3,1,90,271,26,26,0,5,30,Jose Abreu,,255,75,R,R,3/31/2014,10/3/2015,abrej003,abreujo02
ackledu01,6,7,607,2064,255,503,345,94,18,0.24370155,0.373546512,46,212,0.309314587,31,12,186,410,10,5,11,11,25,Dustin Ackley,,205,73,L,R,6/17/2011,10/4/2015,ackld001,ackledu01
adamecr01,2,2,33,68,5,14,12,1,1,0.205882353,0.25,0,3,0.260273973,0,1,3,16,1,1,1,0,1,Cristhian Adames,,185,72,B,R,7/29/2014,10/4/2015,adamc001,adamecr01
adamsma01,4,4,337,1084,123,299,192,63,5,0.275830258,0.451107011,39,156,0.319313305,4,3,64,259,6,3,0,8,22,Matt Adams,,260,75,L,R,5/20/2012,10/4/2015,adamm002,adamsma01
adriaeh01,3,3,114,228,24,48,32,14,1,0.210526316,0.293859649,1,19,0.29296875,4,3,21,47,1,5,5,1,5,Ehire Adrianza,,170,73,B,R,9/8/2013,9/22/2015,adrie001,adriaeh01
aguilje01,2,2,26,52,2,10,9,1,0,0.192307692,0.211538462,0,5,0.25862069,0,0,4,20,0,1,0,1,1,Jesus Aguilar,,250,75,R,R,5/15/2014,10/4/2015,aguij001,aguilje01
ahmedni01,2,2,159,491,58,109,74,19,6,0.221995927,0.346232179,10,38,0.270833333,4,6,32,91,1,1,7,3,6,Nick Ahmed,,195,74,R,R,6/29/2014,9/22/2015,ahmen001,ahmedni01
alberha01,1,1,41,99,12,22,19,2,1,0.222222222,0.262626263,0,4,0.237623762,1,0,2,17,0,0,3,0,2,Hanser Alberto,,215,71,R,R,5/29/2015,9/24/2015,albeh001,alberha01
alcanar01,2,2,81,304,36,59,36,11,2,0.194078947,0.342105263,10,30,0.251515152,9,5,22,104,0,2,2,2,3,Arismendy Alcantara,,170,70,B,R,7/9/2014,4/19/2015,alcaa001,alcanar01
almonab01,5,7,166,508,65,124,82,26,6,0.244094488,0.377952756,10,48,0.296564195,12,4,39,133,0,1,7,5,12,Abraham Almonte,,210,69,B,R,8/30/2013,10/4/2015,almoa001,almonab01
alonsyo01,6,6,508,1621,169,443,316,93,2,0.273288094,0.392350401,32,183,0.346280088,17,6,163,263,18,9,1,17,47,Yonder Alonso,,230,73,L,R,9/1/2010,9/1/2015,alony001,alonsyo01
altheaa01,2,2,41,142,25,33,13,11,4,0.232394366,0.471830986,5,22,0.327272727,6,2,16,43,0,5,1,2,3,Aaron Altherr,,215,77,R,R,6/16/2014,10/4/2015,altha001,altheaa01
altuvjo01,5,5,668,2721,341,830,618,162,14,0.305034914,0.414553473,36,226,0.347529813,169,49,146,308,20,24,17,24,74,Jose Altuve,,165,66,R,R,7/20/2011,10/4/2015,altuj001,altuvjo01
alvarda02,1,1,12,29,3,7,5,1,0,0.24137931,0.379310345,1,1,0.290322581,0,0,2,8,0,0,0,0,0,Dariel Alvarez,,180,74,R,R,8/28/2015,9/30/2015,alvad002,alvarda02
alvarpe01,6,6,742,2500,300,590,345,108,6,0.236,0.4412,131,401,0.316388198,14,3,259,809,30,11,1,13,63,Pedro Alvarez,,250,75,L,R,6/16/2010,10/4/2015,alvap001,alvarpe01
anderbr05,5,5,40,68,4,15,11,4,0,0.220588235,0.279411765,0,7,0.276315789,1,0,4,19,0,2,1,2,1,Bryan Anderson,,200,73,L,R,4/15/2010,10/4/2015,andeb005,anderbr05
andruel01,7,7,1074,4119,573,1113,880,176,30,0.270211216,0.347171644,27,367,0.331645012,217,75,361,614,2,30,95,29,96,Elvis Andrus,,200,72,R,R,4/6/2009,10/4/2015,andre001,andruel01
aokino01,4,4,531,1963,266,563,432,91,16,0.286805909,0.386143658,24,156,0.353966071,81,33,171,169,2,36,24,9,28,Nori Aoki,,180,69,L,R,4/6/2012,9/3/2015,aokin001,aokino01
arciaos01,3,3,219,781,86,190,116,33,5,0.243277849,0.436619718,36,108,0.31126597,2,4,58,259,8,12,0,2,12,Oswaldo Arcia,,225,72,L,R,4/15/2013,5/3/2015,arcio001,arciaos01
arenano01,3,3,401,1534,204,431,245,106,10,0.280964798,0.5,70,243,0.323884198,6,6,82,240,15,9,3,18,46,Nolan Arenado,,205,74,R,R,4/28/2013,10/4/2015,arenn001,arenano01
ariasjo01,9,10,474,1052,112,279,215,46,11,0.265209125,0.349809886,7,95,0.297394429,13,3,37,150,7,8,12,9,24,Joaquin Arias,,165,73,R,R,9/13/2006,7/24/2015,ariaj001,ariasjo01
ascheco01,3,3,300,984,102,242,156,55,4,0.245934959,0.392276423,27,107,0.307620818,2,3,74,256,10,5,3,3,11,Cody Asche,,200,73,L,R,7/30/2013,10/4/2015,aschc001,ascheco01
ashlene01,1,1,12,20,2,2,1,1,0,0.1,0.15,0,1,0.142857143,0,0,0,8,0,1,0,0,0,Nevin Ashley,,215,73,R,R,9/9/2015,10/2/2015,ashln001,ashlene01
avilaal01,7,7,683,2084,246,504,320,111,7,0.24184261,0.396833013,66,282,0.348039216,7,7,325,653,12,11,9,16,52,Alex Avila,,210,71,L,R,8/6/2009,10/3/2015,avila001,avilaal01
avilemi01,9,10,810,2756,358,731,529,132,12,0.265239478,0.384978229,58,292,0.298155738,76,29,126,382,4,12,32,30,81,Mike Aviles,,205,70,R,R,5/29/2008,10/3/2015,avilm001,avilemi01
aybarer01,10,10,1220,4427,572,1223,910,222,43,0.276259318,0.378360063,48,417,0.316800338,141,53,226,543,10,42,69,33,87,Erick Aybar,,180,70,B,R,5/16/2006,10/4/2015,aybae001,aybarer01
baezja01,2,2,80,289,29,58,36,12,0,0.200692042,0.346020761,10,24,0.25483871,6,3,19,119,1,1,0,0,5,Javier Baez,,190,72,R,R,8/5/2014,10/4/2015,baezj001,baezja01
bakerje03,14,18,748,1793,244,474,297,108,15,0.264361405,0.431678751,54,235,0.319918492,14,1,139,472,6,9,1,16,55,Jeff Baker,,220,74,R,R,4/4/2005,7/7/2015,bakej001,bakerje03
bandyje01,1,1,2,2,1,1,0,0,0,0.5,2,1,1,0.5,0,0,0,0,0,0,0,0,0,Jett Bandy,,235,76,R,R,9/14/2015,9/20/2015,bandj001,bandyje01
barmecl01,13,13,1186,3805,434,932,618,208,17,0.244940867,0.378712221,89,415,0.299589273,43,30,216,734,32,60,60,26,54,Clint Barmes,,200,73,R,R,9/5/2003,10/4/2015,barmc001,barmecl01
barneau01,1,1,20,29,4,6,4,2,0,0.206896552,0.275862069,0,1,0.361111111,1,0,6,6,0,1,1,0,2,Austin Barnes,,185,70,R,R,5/24/2015,10/4/2015,barna001,barneau01
barnebr02,4,4,417,1053,121,257,181,50,7,0.244064577,0.358974359,19,92,0.294792586,21,18,62,323,3,12,14,3,23,Brandon Barnes,,210,74,R,R,8/7/2012,9/23/2015,barnb002,barnebr02
barneda01,8,10,581,1921,228,472,348,90,13,0.245705362,0.338885997,21,157,0.297115385,20,5,115,237,10,21,18,13,48,Darwin Barney,,180,70,R,R,8/12/2010,10/4/2015,barnd001,barneda01
barnhtu01,2,2,102,296,26,71,58,9,0,0.239864865,0.310810811,4,19,0.321428571,0,1,29,55,6,2,4,3,10,Tucker Barnhart,,190,71,B,R,4/3/2014,10/3/2015,barnt001,barnhtu01
baronst01,1,1,4,11,0,0,0,0,0,0,0,0,0,0,0,0,0,2,0,0,0,0,2,Steve Baron,,205,72,R,R,9/9/2015,9/25/2015,baros002,baronst01
bautijo02,16,23,1403,4716,810,1212,667,243,16,0.256997455,0.497243427,286,793,0.374008111,58,24,794,1010,52,63,23,46,131,Jose Bautista,,205,72,R,R,4/4/2004,10/4/2015,bautj002,bautijo02
baxtemi01,6,6,232,417,52,95,64,23,4,0.227817746,0.330935252,4,28,0.340080972,10,5,55,100,5,13,0,4,7,Mike Baxter,,205,72,L,R,9/6/2010,7/8/2015,baxtm001,baxtemi01
beckhgo01,8,9,865,2874,361,696,466,157,4,0.24217119,0.371607516,69,304,0.305389222,29,19,222,537,5,46,27,26,68,Gordon Beckham,,185,72,R,R,6/4/2009,10/4/2015,beckg001,beckhgo01
beckhti01,2,2,87,210,25,48,28,7,4,0.228571429,0.428571429,9,38,0.277056277,3,1,13,69,0,3,0,5,3,Tim Beckham,,195,72,R,R,9/19/2013,10/4/2015,beckt001,beckhti01
beltbr01,5,5,556,1813,247,492,300,113,16,0.271373414,0.455598456,63,236,0.351653696,32,10,200,499,14,17,1,12,16,Brandon Belt,,220,77,L,L,3/31/2011,9/18/2015,beltb001,beltbr01
beltrad01,18,18,2567,9712,1339,2767,1759,560,35,0.284905272,0.477347611,413,1467,0.343388121,118,41,727,1518,102,81,14,86,249,Adrian Beltre,,220,71,R,R,6/24/1998,10/4/2015,belta001,beltrad01
beltrca01,20,22,2306,8749,1449,2454,1481,503,78,0.280489199,0.490227455,392,1443,0.361011191,311,49,1016,1592,97,46,18,100,175,Carlos Beltran,,215,73,B,R,9/14/1998,10/4/2015,beltc001,beltrca01
bernido01,4,4,46,69,12,15,11,4,0,0.217391304,0.275362319,0,7,0.341463415,2,1,10,21,1,2,2,0,1,Doug Bernier,,185,73,R,R,6/17/2008,5/17/2015,bernd001,bernido01
berryqu01,4,4,125,302,53,80,61,10,6,0.264900662,0.367549669,3,33,0.336309524,27,1,26,84,0,7,6,1,4,Quintin Berry,,190,73,L,L,5/23/2012,10/4/2015,berrq001,berryqu01
bethach01,3,3,80,269,23,59,46,11,0,0.219330855,0.282527881,2,21,0.247311828,2,2,8,60,1,1,0,0,10,Christian Bethancourt,,205,74,R,R,9/29/2013,10/1/2015,bethc001,bethach01
bettsmo01,2,2,197,786,126,229,143,54,9,0.291348601,0.470737913,23,95,0.34837963,28,9,67,113,1,4,4,6,4,Mookie Betts,,180,69,R,R,6/29/2014,10/4/2015,bettm001,bettsmo01
biancje01,4,4,165,377,34,81,65,11,1,0.214854111,0.281167109,4,40,0.25,4,4,18,76,0,1,4,4,6,Jeff Bianchi,,185,71,R,R,7/13/2012,6/14/2015,bianj001,biancje01
birdgr01,1,1,46,157,26,41,21,9,0,0.261146497,0.52866242,11,31,0.342696629,0,0,19,53,0,1,0,1,1,Greg Bird,,220,76,L,R,8/13/2015,10/4/2015,birdg001,birdgr01
blackch02,5,5,462,1664,234,480,337,84,14,0.288461538,0.436899038,45,169,0.338691796,84,26,91,282,8,32,15,9,14,Charlie Blackmon,,210,75,L,L,6/7/2011,10/4/2015,blacc001,blackch02
blairca01,1,1,11,31,3,4,3,0,0,0.129032258,0.225806452,1,3,0.228571429,0,0,4,18,0,0,0,0,1,Carson Blair,,210,74,R,R,9/6/2015,9/24/2015,blaic001,blairca01
blancan01,8,8,366,871,101,232,159,54,8,0.266360505,0.384615385,11,75,0.321013728,2,10,56,127,5,11,26,4,25,Andres Blanco,,195,70,B,R,4/17/2004,10/4/2015,blana001,blancan01
blancgr01,8,9,796,2275,304,596,456,91,29,0.261978022,0.353846154,20,192,0.351724138,95,34,291,493,17,14,23,13,26,Gregor Blanco,,175,71,L,L,3/30/2008,9/9/2015,blang001,blancgr01
blankky01,8,9,278,827,110,199,122,42,2,0.240628779,0.415961306,33,111,0.322994652,6,2,83,275,2,18,0,5,14,Kyle Blanks,,265,78,R,R,6/19/2009,6/16/2015,blank002,blankky01
bloomwi01,15,16,1055,2891,398,778,627,110,23,0.269111034,0.341750259,18,225,0.317511225,133,51,189,494,7,16,25,15,49,Willie Bloomquist,,200,71,R,R,9/1/2002,6/28/2015,bloow001,bloomwi01
boescbr01,6,6,481,1577,192,394,260,79,7,0.249841471,0.400126823,48,195,0.306620209,22,7,109,344,9,16,0,11,25,Brennan Boesch,,225,76,L,L,4/23/2010,10/1/2015,boesb001,boescbr01
bogaexa01,3,3,318,1195,151,336,247,65,4,0.281171548,0.392468619,20,132,0.328185328,13,5,76,252,2,11,5,11,28,Xander Bogaerts,,210,73,R,R,8/20/2013,10/4/2015,bogax001,bogaexa01
bonifem01,12,15,769,2534,347,656,517,94,32,0.258879242,0.336621942,13,159,0.316510454,165,48,211,582,4,7,37,18,22,Emilio Bonifacio,,205,71,B,R,9/2/2007,8/15/2015,bonie001,bonifem01
bourgja01,8,8,317,708,97,179,146,20,7,0.252824859,0.326271186,6,44,0.30026455,54,15,47,94,0,1,5,0,16,Jason Bourgeois,,200,69,R,R,9/9/2008,10/4/2015,bourj001,bourgja01
bourjpe01,6,6,590,1485,208,358,241,59,26,0.241077441,0.38047138,32,126,0.304107909,55,24,102,388,5,31,29,8,26,Peter Bourjos,,185,73,R,R,8/3/2010,10/4/2015,bourp001,bourjpe01
bourju01,2,2,168,483,52,128,81,23,0,0.265010352,0.461697723,24,84,0.332082552,0,0,43,120,4,2,0,1,19,Justin Bour,,250,76,L,R,6/5/2014,10/4/2015,bourj002,bourju01
bournmi01,12,14,1248,4409,630,1173,901,178,63,0.266046723,0.356089816,31,323,0.332445173,326,89,417,1032,13,19,44,21,31,Michael Bourn,,180,70,L,R,7/30/2006,10/4/2015,bourm001,bournmi01
bradlja02,3,3,238,700,106,149,88,41,6,0.212857143,0.348571429,14,83,0.290816327,13,0,68,221,1,10,2,5,16,Jackie Bradley,,200,70,L,R,4/1/2013,10/4/2015,bradj001,bradlja02
brantmi02,7,7,807,3108,402,909,642,190,16,0.292471042,0.422779923,61,393,0.354202899,94,26,269,363,27,17,11,29,68,Michael Brantley,,200,74,L,L,9/1/2009,9/28/2015,branm003,brantmi02
brantro01,3,3,112,356,28,80,57,18,0,0.224719101,0.31741573,5,32,0.291139241,1,1,30,77,3,2,0,4,10,Rob Brantly,,195,73,L,R,8/14/2012,10/4/2015,branr002,brantro01
braunry02,9,9,1219,4738,799,1441,852,294,40,0.304136767,0.544533558,255,846,0.371196371,165,45,427,972,38,58,0,30,115,Ryan Braun,,205,74,R,R,5/25/2007,9/26/2015,braur002,braunry02
brettry01,1,1,3,3,0,2,1,1,0,0.666666667,1,0,0,0.75,0,0,1,0,0,0,0,0,0,Ryan Brett,,180,69,B,R,4/18/2015,4/21/2015,bretr001,brettry01
brignre01,9,10,356,857,80,188,138,34,4,0.219369895,0.310385064,12,83,0.270652174,9,7,51,238,6,4,8,2,17,Reid Brignac,,215,75,L,R,7/4/2008,5/7/2015,brigr001,brignre01
britoso01,1,1,18,33,5,10,6,3,1,0.303030303,0.454545455,0,1,0.323529412,1,0,1,7,0,0,0,0,0,Socrates Brito,,200,73,L,L,9/8/2015,10/4/2015,brits001,britoso01
browndo01,6,6,493,1591,188,391,255,73,9,0.245757385,0.40477687,54,229,0.310618966,23,7,138,317,13,5,0,14,25,Domonic Brown,,225,77,L,L,7/28/2010,9/2/2015,browd004,browndo01
browntr01,1,1,13,39,1,9,6,3,0,0.230769231,0.307692308,0,5,0.279069767,1,1,3,8,0,0,0,1,0,Trevor Brown,,195,74,R,R,9/19/2015,10/3/2015,browt002,browntr01
broxtke01,1,1,7,2,3,0,0,0,0,0,0,0,0,0,1,1,0,1,0,0,0,0,0,Keon Broxton,,195,75,R,R,9/21/2015,10/2/2015,broxk001,broxtke01
bruceja01,8,8,1123,4111,595,1018,573,216,21,0.247628314,0.462174653,208,638,0.327819549,57,34,427,1113,59,22,3,36,65,Jay Bruce,,225,75,L,L,5/27/2008,10/4/2015,brucj001,bruceja01
bryankr01,1,1,151,559,87,154,92,31,5,0.27549195,0.488372093,26,99,0.369230769,13,4,77,199,0,9,0,5,7,Kris Bryant,,215,77,R,R,4/17/2015,10/4/2015,bryak001,bryankr01
burnsbi02,2,2,138,526,74,154,122,18,9,0.292775665,0.38973384,5,42,0.333333333,29,9,26,81,1,6,1,2,5,Billy Burns,,180,69,B,R,7/28/2014,10/3/2015,burnb002,burnsbi02
burriem01,6,6,287,723,89,177,161,14,1,0.244813278,0.271092669,1,42,0.309433962,40,15,55,101,3,11,14,3,18,Emmanuel Burriss,,190,72,B,R,4/20/2008,7/25/2015,burre001,burriem01
butlebi03,9,9,1317,4855,565,1408,957,304,5,0.290010299,0.442430484,142,693,0.36179159,5,3,479,798,58,34,0,44,194,Billy Butler,,240,73,R,R,5/1/2007,10/4/2015,butlb003,butlebi03
butlejo04,3,3,102,274,33,75,53,14,0,0.273722628,0.412408759,8,31,0.32996633,5,2,20,91,0,3,0,0,16,Joey Butler,,220,74,R,R,8/7/2013,10/4/2015,butlj002,butlejo04
buxtoby01,1,1,46,129,16,27,17,7,1,0.209302326,0.325581395,2,6,0.25,2,2,6,44,0,1,2,0,1,Byron Buxton,,190,74,R,R,6/14/2015,10/4/2015,buxtb001,buxtoby01
byrdma01,18,22,1539,5464,729,1503,1005,305,39,0.275073206,0.429721816,154,691,0.332334332,56,31,371,1196,29,93,17,49,114,Marlon Byrd,,245,72,R,R,9/8/2002,10/4/2015,byrdm001,byrdma01
cabreas01,10,11,1106,4140,561,1107,735,248,22,0.267391304,0.411835749,102,509,0.331154684,78,29,348,802,18,47,50,37,105,Asdrubal Cabrera,,205,72,B,R,8/8/2007,10/4/2015,cabra002,cabreas01
cabreev01,7,7,510,1829,228,450,345,73,20,0.246036085,0.327501367,12,132,0.318605793,138,38,175,432,10,14,41,9,24,Everth Cabrera,,190,70,B,R,4/8/2009,6/4/2015,cabre001,cabreev01
cabreme01,11,11,1369,5039,676,1434,1025,272,37,0.284580274,0.412780314,100,597,0.339779505,95,34,390,669,35,21,42,48,121,Melky Cabrera,,210,70,B,L,7/7/2005,10/3/2015,cabrm002,cabreme01
cabremi01,13,13,1938,7258,1229,2331,1415,492,16,0.321162855,0.562000551,408,1445,0.413635297,38,20,936,1400,205,53,5,70,253,Miguel Cabrera,,240,76,R,R,6/20/2003,10/3/2015,cabrm001,cabremi01
cabrera01,1,1,13,30,4,11,9,1,0,0.366666667,0.5,1,3,0.366666667,0,0,0,5,0,0,0,0,1,Ramon Cabrera,,195,68,B,R,9/5/2015,10/2/2015,cabrr001,cabrera01
cainlo01,6,6,498,1812,258,521,367,105,16,0.287527594,0.417770419,33,216,0.339222615,87,18,119,384,8,24,0,18,40,Lorenzo Cain,,205,74,R,R,7/16/2010,10/3/2015,cainl001,cainlo01
calhoko01,4,4,365,1341,199,354,234,62,7,0.263982103,0.434750186,51,174,0.320163488,12,6,106,315,2,8,4,11,17,Kole Calhoun,,200,70,L,L,5/22/2012,10/4/2015,calhk001,calhoko01
calixor01,1,1,2,3,1,0,0,0,0,0,0,0,0,0,0,0,0,0,0,0,0,0,0,Orlando Calixte,,160,71,R,R,4/19/2015,5/6/2015,calio001,calixor01
callaal01,13,16,1093,3556,391,941,705,170,14,0.264623172,0.364173228,52,369,0.332072617,22,14,350,365,20,6,10,34,104,Alberto Callaspo,,225,69,B,R,8/6/2006,8/19/2015,calla001,callaal01
campber01,2,2,156,363,44,84,61,17,0,0.231404959,0.327823691,6,35,0.318944844,8,3,43,92,1,5,1,5,16,Eric Campbell,,205,75,R,R,5/10/2014,10/1/2015,campe001,campber01
canhama01,1,1,124,441,61,112,71,22,3,0.253968254,0.426303855,16,70,0.315463918,7,2,33,96,0,8,0,3,9,Mark Canha,,200,73,R,R,4/8/2015,10/4/2015,canhm001,canhama01
canoro01,11,11,1687,6555,958,2015,1299,446,31,0.307398932,0.494279176,239,983,0.363661581,50,37,454,864,90,63,10,48,216,Robinson Cano,,210,72,L,R,5/3/2005,10/4/2015,canor001,canoro01
carpema01,5,5,590,2106,370,605,380,155,17,0.287274454,0.452516619,53,267,0.377596741,13,10,286,427,10,26,5,27,22,Matt Carpenter,,215,75,L,R,6/4/2011,10/4/2015,carpm002,carpema01
carreez01,6,7,267,607,89,157,119,26,7,0.258649094,0.349258649,5,54,0.311550152,27,8,39,134,2,7,14,3,11,Ezequiel Carrera,,185,70,L,L,5/20/2011,10/4/2015,carre001,carreez01
cartech02,6,6,528,1736,230,377,190,75,3,0.217165899,0.45218894,109,280,0.31458437,9,4,231,669,9,15,0,18,33,Chris Carter,,250,76,R,R,8/9/2010,10/4/2015,cartc002,cartech02
casalcu01,2,2,68,173,23,36,17,9,0,0.208092486,0.433526012,10,21,0.288659794,0,0,16,57,0,4,3,1,4,Curt Casali,,230,74,R,R,7/18/2014,8/25/2015,casac001,casalcu01
casteni01,3,3,313,1100,93,283,183,64,10,0.257272727,0.404545455,26,139,0.306020067,2,5,75,293,4,4,0,13,28,Nick Castellanos,,210,76,R,R,9/1/2013,10/4/2015,castn001,casteni01
castiru01,2,2,90,309,41,81,61,11,2,0.262135922,0.378640777,7,35,0.301829268,7,5,16,60,0,2,1,1,11,Rusney Castillo,,195,69,R,R,9/17/2014,10/4/2015,castr004,castiru02
castiwe01,8,11,396,1305,130,328,209,72,1,0.251340996,0.413793103,46,162,0.319310345,2,0,103,353,6,26,3,10,37,Welington Castillo,,210,70,R,R,8/11/2010,10/4/2015,castw002,castiwe01
castrda01,1,1,33,96,14,23,18,2,1,0.239583333,0.34375,2,5,0.262626263,0,0,3,15,0,0,1,0,4,Daniel Castro,,175,71,R,R,6/17/2015,10/4/2015,castd001,castrda01
castrja01,5,5,504,1689,199,400,245,98,6,0.236826525,0.392539964,51,180,0.312763713,3,1,170,498,9,14,3,14,32,Jason Castro,,215,75,L,R,6/22/2010,10/4/2015,castj006,castrja01
castrst01,6,6,891,3524,391,991,712,186,31,0.281214529,0.404370034,62,363,0.324960338,75,45,186,587,24,28,6,20,106,Starlin Castro,,190,72,R,R,5/7/2010,10/4/2015,casts001,castrst01
cecchga01,2,2,13,35,6,8,4,3,0,0.228571429,0.4,1,4,0.325,0,0,3,14,0,2,0,0,0,Garin Cecchini,,220,75,L,R,6/1/2014,8/16/2015,ceccg001,cecchga01
cecilda01,1,1,39,68,5,14,11,2,0,0.205882353,0.279411765,1,3,0.27027027,5,1,4,25,0,2,0,0,0,Darrell Ceciliani,,220,73,L,L,5/19/2015,7/5/2015,cecid001,cecilda01
centeju01,3,3,24,61,1,10,9,1,0,0.163934426,0.180327869,0,3,0.227272727,0,0,5,13,0,0,0,0,2,Juan Centeno,,195,69,L,R,9/18/2013,5/31/2015,centj001,centeju01
cervefr01,8,8,380,1139,144,324,248,50,9,0.284460053,0.388937665,17,135,0.3578125,7,6,110,229,2,22,17,7,31,Francisco Cervelli,,205,73,R,R,9/18/2008,10/4/2015,cervf001,cervefr01
cespeyo01,6,8,575,2249,334,609,358,124,21,0.270787016,0.485993775,106,367,0.324092947,37,18,148,508,18,20,0,18,44,Yoenis Cespedes,,210,70,R,R,3/28/2012,10/4/2015,cespy001,cespeyo01
chiriro01,4,4,204,622,76,144,83,36,1,0.231511254,0.408360129,24,81,0.301587302,0,1,52,152,1,12,9,6,9,Robinson Chirinos,,210,73,R,R,7/18/2011,10/3/2015,chirr001,chiriro01
chiselo01,5,5,451,1454,173,373,243,84,3,0.2565337,0.407152682,43,177,0.309206349,11,3,94,300,7,13,8,7,21,Lonnie Chisenhall,,190,74,L,R,6/27/2011,10/4/2015,chisl001,chiselo01
choicmi01,3,3,96,272,22,51,34,7,1,0.1875,0.319852941,9,36,0.253333333,1,0,22,76,0,3,0,3,11,Michael Choice,,230,72,R,R,9/2/2013,6/24/2015,choim001,choicmi01
choosh01,12,13,1125,4132,649,1163,751,248,25,0.281461762,0.454501452,139,549,0.386456628,112,45,583,1045,35,108,6,30,64,Shin-Soo Choo,,210,71,L,L,4/21/2005,10/4/2015,choos001,choosh01
ciriape01,8,11,272,612,70,164,120,32,7,0.267973856,0.367647059,5,51,0.298136646,35,7,20,126,4,4,9,4,8,Pedro Ciriaco,,180,72,R,R,9/8/2010,10/4/2015,cirip001,ciriape01
clevest01,6,7,148,416,38,95,63,26,3,0.228365385,0.326923077,3,41,0.283482143,0,1,29,76,2,1,0,0,19,Steve Clevenger,,210,70,L,R,9/26/2011,10/4/2015,clevs001,clevest01
coghlch01,7,7,666,2244,311,602,397,135,24,0.268270945,0.411319073,46,199,0.344307814,45,22,231,440,16,19,12,11,28,Chris Coghlan,,195,72,L,R,5/8/2009,10/4/2015,coghc001,coghlch01
colabch01,3,3,215,698,86,185,121,35,1,0.26504298,0.438395415,28,110,0.324146982,2,3,56,220,1,5,0,2,19,Chris Colabello,,235,76,R,R,5/22/2013,10/4/2015,colac001,colabch01
colemdu01,1,1,4,5,0,0,0,0,0,0,0,0,0,0,0,0,0,3,0,0,0,0,0,Dusty Coleman,,205,74,R,R,7/3/2015,7/23/2015,coled002,colemdu01
collity01,2,2,78,216,21,57,38,11,3,0.263888889,0.412037037,5,29,0.311688312,2,1,14,47,0,1,1,0,3,Tyler Collins,,215,71,L,L,3/31/2014,10/4/2015,collt002,collity01
colonch01,2,2,64,152,16,46,35,10,1,0.302631579,0.381578947,0,12,0.361445783,5,2,14,21,0,0,2,0,3,Christian Colon,,190,70,R,R,7/1/2014,10/4/2015,coloc002,colonch01
confomi01,1,1,56,174,30,47,24,14,0,0.270114943,0.505747126,9,26,0.335051546,0,1,17,39,0,1,0,2,4,Michael Conforto,,215,73,L,R,7/24/2015,10/4/2015,confm001,confomi01
congeha01,6,6,324,889,88,200,125,45,2,0.224971879,0.374578178,28,104,0.301107754,0,4,85,227,4,10,8,5,22,Hank Conger,,220,74,B,R,9/11/2010,10/4/2015,congh001,congeha01
corpoca01,6,6,232,701,63,153,107,25,1,0.218259629,0.342368046,20,78,0.284427284,0,1,44,205,5,19,8,8,14,Carlos Corporan,,240,74,B,R,5/6/2009,7/12/2015,corpc001,corpoca01
correca01,1,1,99,387,52,108,63,22,1,0.279069767,0.511627907,22,68,0.347926267,14,4,40,78,2,1,0,4,10,Carlos Correa,,210,76,R,R,6/8/2015,10/4/2015,corrc001,correca01
cowarka01,1,1,34,46,8,8,5,2,0,0.173913043,0.282608696,1,4,0.254901961,1,1,5,19,0,0,1,0,1,Kaleb Cowart,,225,75,B,R,8/18/2015,10/3/2015,cowak001,cowarka01
cowgico01,6,7,308,677,83,160,122,22,4,0.23633678,0.333825702,12,57,0.3,14,7,56,190,1,5,6,1,9,Collin Cowgill,,185,69,R,L,7/26/2011,10/3/2015,cowgc001,cowgico01
cozarza01,5,5,500,1865,228,456,310,91,13,0.244504021,0.374798928,42,167,0.286429644,14,3,96,329,6,14,22,16,48,Zack Cozart,,195,72,R,R,7/7/2011,6/10/2015,cozaz001,cozarza01
craigal01,7,8,534,1831,239,506,337,107,3,0.27635172,0.434735117,59,296,0.334325397,11,3,143,394,4,21,1,17,51,Allen Craig,,215,74,R,R,4/8/2010,10/4/2015,craia001,craigal01
crawfbr01,5,5,654,2128,237,523,346,108,22,0.245770677,0.383458647,47,262,0.322069253,14,16,196,470,32,21,6,20,40,Brandon Crawford,,215,74,L,R,5/27/2011,10/4/2015,crawb001,crawfbr01
crawfca02,14,14,1686,6574,990,1916,1351,307,122,0.291451171,0.437328871,136,760,0.333946772,480,108,373,1056,24,46,34,47,76,Carl Crawford,,230,74,L,L,7/20/2002,10/4/2015,crawc002,crawfca02
crispco01,14,14,1464,5484,823,1469,1018,281,53,0.267870168,0.402443472,117,584,0.330367441,299,74,515,787,16,5,76,49,84,Coco Crisp,,185,70,B,R,8/15/2002,10/4/2015,crisc001,crispco01
croncj01,2,2,192,620,65,161,103,29,2,0.259677419,0.443548387,27,88,0.296803653,3,1,27,143,1,6,0,3,19,C. J. Cron,,235,76,R,R,5/3/2014,10/4/2015,cronc002,croncj01
cruzne02,11,11,1115,4094,581,1118,641,225,11,0.27308256,0.510014656,241,690,0.339709763,72,30,364,1015,36,27,2,27,80,Nelson Cruz,,230,74,R,R,9/17/2005,10/3/2015,cruzn002,cruzne02
cruzto03,5,5,259,591,49,130,90,32,3,0.219966159,0.30964467,5,58,0.265822785,0,5,32,117,3,3,4,3,24,Tony Cruz,,215,71,R,R,5/24/2011,10/4/2015,cruzt002,cruzto03
cunnito01,2,2,47,94,15,21,17,4,0,0.223404255,0.265957447,0,4,0.284313725,2,1,5,20,1,2,0,0,2,Todd Cunningham,,205,72,B,R,7/30/2013,10/4/2015,cunnt001,cunnito01
cuthbch01,1,1,19,46,6,10,6,2,1,0.217391304,0.369565217,1,8,0.28,0,0,4,9,0,0,0,0,0,Cheslor Cuthbert,,190,73,R,R,7/7/2015,10/4/2015,cuthc001,cuthbch01
danksjo02,4,4,184,348,41,78,60,10,0,0.224137931,0.32183908,8,26,0.301790281,15,6,38,121,1,1,0,3,7,Jordan Danks,,220,77,L,R,6/7/2012,8/6/2015,dankj002,danksjo02
darnach01,4,4,75,166,23,34,25,6,3,0.204819277,0.277108434,0,7,0.231213873,13,5,5,45,0,1,2,1,3,Chase d'Arnaud,,205,73,R,R,6/24/2011,10/3/2015,darnc001,darnach01
darnatr01,3,3,206,723,83,177,108,39,4,0.244813278,0.417704011,26,87,0.316770186,1,0,67,134,5,6,1,4,25,Travis d'Arnaud,,210,74,R,R,8/17/2013,10/4/2015,darnt001,darnatr01
daviskh01,3,3,321,1029,151,257,130,63,4,0.249757046,0.493683188,60,162,0.315835521,13,3,87,278,1,16,0,10,26,Khris Davis,,195,70,R,R,4/1/2013,10/4/2015,davik003,daviskh01
davisra01,12,14,1067,3233,470,870,613,176,38,0.269099907,0.386947108,43,305,0.316437572,322,87,195,602,4,36,16,24,56,Rajai Davis,,195,69,R,R,8/14/2006,10/3/2015,davir003,davisra01
deazaal01,11,15,680,2279,328,609,414,120,30,0.267222466,0.405440983,45,224,0.333728747,86,41,196,539,11,28,23,15,26,Alejandro De Aza,,195,72,L,L,4/2/2007,10/4/2015,deaza001,deazaal01
deckeco01,1,1,8,11,0,0,0,0,0,0,0,0,1,0,0,0,0,5,0,0,0,1,1,Cody Decker,,225,71,R,R,9/14/2015,10/4/2015,deckc001,deckeco01
dejesda01,16,20,1472,5220,740,1434,982,288,65,0.274712644,0.411685824,99,573,0.351713607,66,62,510,838,21,108,43,35,103,David DeJesus,,190,71,L,L,9/2/2003,9/23/2015,dejed001,dejesda01
dejesiv02,4,5,124,274,22,64,45,13,2,0.233576642,0.339416058,4,33,0.295681063,1,3,24,79,0,1,1,2,5,Ivan De Jesus,,200,71,R,R,4/1/2011,10/4/2015,dejei002,dejesiv02
dendema01,3,3,135,309,42,75,50,18,1,0.242718447,0.365695793,6,25,0.32173913,11,6,34,77,0,2,2,0,1,Matt den Dekker,,210,73,L,L,8/29/2013,10/4/2015,dendm001,dendema01
deshide02,1,1,121,425,83,111,77,22,10,0.261176471,0.374117647,2,37,0.345679012,25,8,53,101,1,3,7,4,1,Delino DeShields,,210,69,R,R,4/8/2015,10/4/2015,deshd002,deshide02
desmoia01,7,7,927,3480,424,917,601,185,21,0.263505747,0.423563218,110,432,0.31380864,122,37,232,890,9,26,29,26,79,Ian Desmond,,215,75,R,R,9/10/2009,10/4/2015,desmi001,desmoia01
diazel01,1,1,2,2,0,0,0,0,0,0,0,0,0,0,0,0,0,1,0,0,0,0,0,Elias Diaz,,210,72,R,R,9/12/2015,9/30/2015,diaze005,diazel01
diazjo02,3,3,35,55,6,8,7,1,0,0.145454545,0.163636364,0,6,0.241935484,1,0,4,17,0,3,3,0,1,Jonathan Diaz,,155,69,R,R,6/29/2013,10/4/2015,diazj004,diazjo02
dickeal01,1,1,11,8,0,2,2,0,0,0.25,0.25,0,0,0.25,0,0,0,3,0,0,0,0,1,Alex Dickerson,,230,75,L,L,8/6/2015,9/25/2015,dicka001,dickeal01
dickeco01,3,3,265,854,136,255,145,58,13,0.298594848,0.533957845,39,124,0.349462366,10,10,63,198,6,1,1,6,10,Corey Dickerson,,205,73,L,R,6/22/2013,10/4/2015,dickc002,dickeco01
dietrde01,3,3,196,623,101,146,85,30,7,0.23434992,0.420545746,24,64,0.320113314,2,2,47,159,3,30,2,3,6,Derek Dietrich,,210,72,L,R,5/8/2013,10/4/2015,dietd001,dietrde01
difowi01,1,1,15,11,1,2,2,0,0,0.181818182,0.181818182,0,0,0.181818182,0,0,0,2,0,0,0,0,0,Wilmer Difo,,195,72,B,R,5/19/2015,10/3/2015,difow001,difowi01
dominch01,2,2,22,40,3,7,3,1,1,0.175,0.4,2,5,0.214285714,0,0,1,16,1,0,0,0,2,Chris Dominguez,,235,76,R,R,9/3/2014,6/27/2015,domic001,dominch01
donaljo02,5,5,563,2113,339,584,347,126,7,0.276384288,0.490298154,104,351,0.355777224,23,3,241,446,7,24,3,21,53,Josh Donaldson,,220,72,R,R,4/30/2010,10/4/2015,donaj001,donaljo02
dornda01,1,1,23,30,0,5,4,1,0,0.166666667,0.2,0,3,0.21875,0,0,2,10,0,0,0,0,1,Danny Dorn,,200,74,L,L,4/21/2015,7/19/2015,dornd001,dornda01
doziebr01,4,4,544,2100,318,503,302,116,10,0.23952381,0.411428571,75,247,0.315300085,56,20,217,455,3,23,10,23,42,Brian Dozier,,200,71,R,R,5/7/2012,10/3/2015,dozib001,doziebr01
drewst01,12,14,1152,4165,532,1047,631,240,62,0.251380552,0.420888355,114,486,0.322525231,41,18,411,874,33,11,22,37,43,Stephen Drew,,190,72,L,R,7/15/2006,9/22/2015,drews001,drewst01
drurybr01,1,1,20,56,3,12,7,3,0,0.214285714,0.375,2,8,0.254237288,0,0,2,8,0,1,0,0,5,Brandon Drury,,215,73,R,R,9/1/2015,10/3/2015,drurb001,drurybr01
dudalu01,6,6,638,2089,275,517,295,118,3,0.247486836,0.451890857,101,318,0.351814105,5,7,280,574,22,44,1,18,34,Lucas Duda,,255,76,L,R,9/1/2010,10/4/2015,dudal001,dudalu01
duffyma01,2,2,183,633,82,185,137,30,6,0.292259084,0.415481833,12,85,0.331352155,12,1,31,110,0,7,3,2,23,Matt Duffy,,170,74,R,R,5/22/2014,10/4/2015,duffm002,duffyma01
duffyma02,1,1,8,8,0,3,2,1,0,0.375,0.5,0,3,0.444444444,0,0,1,2,0,0,0,0,0,Matt Duffy,,215,75,R,R,9/16/2015,10/3/2015,duffm003,duffyma02
duvalad01,2,2,55,137,14,28,16,4,0,0.204379562,0.408759124,8,14,0.273333333,0,0,9,46,1,3,0,0,0,Adam Duvall,,205,73,R,R,6/26/2014,10/4/2015,duvaa001,duvalad01
dykstal01,1,1,13,31,3,4,3,0,0,0.129032258,0.225806452,1,4,0.289473684,0,0,6,12,0,1,0,0,2,Allan Dykstra,,215,77,L,R,4/8/2015,4/23/2015,dyksa001,dykstal01
dysonja01,6,6,443,1066,165,272,211,34,21,0.255159475,0.343339587,6,76,0.321489002,146,23,100,220,2,6,22,8,19,Jarrod Dyson,,160,70,L,R,9/7/2010,10/4/2015,dysoj001,dysonja01
easleed01,1,1,4,6,0,0,0,0,0,0,0,0,1,0,0,0,0,1,0,0,0,1,1,Ed Easley,,205,72,R,R,5/29/2015,10/4/2015,easle001,easleed01
eatonad02,4,4,364,1431,233,406,294,67,25,0.28371768,0.407407407,20,118,0.355444305,40,22,132,273,2,28,11,5,13,Adam Eaton,,185,68,L,L,9/4/2012,10/3/2015,eatoa002,eatonad02
ellisaj01,8,8,491,1483,147,358,259,61,3,0.241402562,0.357383682,35,178,0.351904491,0,3,223,317,19,19,21,15,54,A. J. Ellis,,230,74,R,R,9/15/2008,10/4/2015,ellia001,ellisaj01
ellsbja01,9,9,975,3939,613,1137,814,197,38,0.288651942,0.42498096,88,417,0.345584836,301,60,304,590,15,39,15,29,64,Jacoby Ellsbury,,195,73,L,L,6/30/2007,10/4/2015,ellsj001,ellsbja01
encared01,12,13,1353,4808,730,1281,728,277,8,0.266430948,0.494592346,268,815,0.356240981,54,13,575,866,43,76,0,42,124,Edwin Encarnacion,,230,73,R,R,6/24/2005,10/4/2015,encae001,encared01
escobal02,8,8,973,3586,423,939,733,142,40,0.261851645,0.343837144,24,299,0.300550747,145,31,160,504,13,34,60,20,66,Alcides Escobar,,185,73,R,R,9/3/2008,10/4/2015,escoa003,escobal02
escobed01,6,7,385,1145,141,295,190,75,9,0.257641921,0.393886463,21,114,0.304453441,6,6,74,245,2,5,10,9,13,Eduardo Escobar,,185,70,B,R,9/2/2011,10/4/2015,escoe001,escobed01
escobyu01,10,11,1213,4448,578,1248,950,210,10,0.28057554,0.384892086,78,449,0.352421137,33,25,440,568,16,50,48,23,162,Yunel Escobar,,215,74,R,R,6/2/2007,10/3/2015,escoy001,escobyu01
espinda01,6,6,622,2128,271,490,296,114,12,0.230263158,0.390977444,68,213,0.306560135,51,17,167,660,19,53,12,11,29,Danny Espinosa,,210,72,B,R,9/1/2010,9/17/2015,espid001,espinda01
ethiean01,10,10,1417,4742,636,1354,860,301,34,0.28553353,0.463939266,159,682,0.367139959,29,28,513,922,66,58,2,44,103,Andre Ethier,,210,74,L,L,5/2/2006,10/4/2015,ethia001,ethiean01
feathta01,1,1,101,154,23,25,17,5,1,0.162337662,0.246753247,2,9,0.212121212,4,2,7,46,0,3,4,1,3,Taylor Featherston,,185,73,R,R,4/12/2015,10/3/2015,featt001,feathta01
fieldda01,1,1,1,3,1,1,0,1,0,0.333333333,0.666666667,0,0,0.333333333,0,0,0,2,0,0,0,0,0,Daniel Fields,,215,74,L,R,6/4/2015,6/4/2015,field001,fieldda01
fieldpr01,11,11,1522,5495,833,1576,950,305,10,0.286806187,0.515741583,311,984,0.401895877,18,11,815,1092,163,117,0,56,146,Prince Fielder,,275,71,L,R,6/13/2005,10/4/2015,fielp001,fieldpr01
fieldth01,4,4,47,117,14,25,22,1,0,0.213675214,0.273504274,2,8,0.264,1,0,7,38,0,1,1,0,1,Thomas Field,,185,70,R,R,9/11/2011,5/27/2015,fielt001,fieldth01
figueco01,2,2,25,51,8,12,7,4,1,0.235294118,0.352941176,0,6,0.280701754,0,0,4,4,0,0,0,2,0,Cole Figueroa,,185,70,L,R,5/16/2014,7/10/2015,figuc001,figueco01
flahery01,4,4,355,947,110,204,131,36,5,0.215417107,0.365364308,32,109,0.28721374,4,0,73,254,7,17,9,4,16,Ryan Flaherty,,220,75,L,R,4/7/2012,10/4/2015,flahr001,flahery01
florera02,1,1,12,32,3,7,6,1,0,0.21875,0.25,0,0,0.21875,0,0,0,4,0,0,1,0,0,Ramon Flores,,190,70,L,L,5/30/2015,7/4/2015,florr003,florera02
florewi01,3,3,242,837,91,212,148,40,1,0.253285544,0.385902031,23,101,0.29006772,1,1,36,117,4,5,3,4,19,Wilmer Flores,,205,75,R,R,8/6/2013,9/30/2015,florw001,florewi01
floripe01,5,5,238,647,73,129,91,24,4,0.199381762,0.295208655,10,58,0.263083451,25,7,54,185,1,2,11,3,12,Pedro Florimon,,185,74,B,R,9/10/2011,9/30/2015,florp001,floripe01
flowety01,7,7,431,1267,124,283,184,51,2,0.223362273,0.375690608,46,142,0.289511494,2,5,93,464,1,26,4,5,32,Tyler Flowers,,245,76,R,R,9/3/2009,10/2/2015,flowt001,flowety01
forsylo01,5,5,491,1526,180,384,268,73,8,0.25163827,0.378768021,35,151,0.325947522,28,8,139,326,7,29,5,14,35,Logan Forsythe,,195,73,R,R,5/4/2011,9/29/2015,forsl001,forsylo01
fowlede01,8,8,939,3278,539,875,575,170,65,0.266931056,0.417937767,65,291,0.364139021,114,52,475,850,9,24,41,12,35,Dexter Fowler,,195,77,B,R,9/2/2008,10/3/2015,fowld001,fowlede01
francma02,2,2,96,360,50,95,56,24,1,0.263888889,0.452777778,14,55,0.324050633,1,0,27,65,2,4,0,2,9,Maikel Franco,,215,73,R,R,9/2/2014,10/4/2015,franm004,francma02
frandke01,9,9,514,1246,134,322,245,57,5,0.258426966,0.348314607,15,110,0.314664702,7,5,64,128,5,36,11,6,50,Kevin Frandsen,,190,72,R,R,4/28/2006,10/3/2015,frank001,frandke01
frazito01,5,5,633,2281,305,586,342,125,11,0.256904866,0.463393249,108,324,0.322389241,43,23,189,531,7,33,3,18,53,Todd Frazier,,220,75,R,R,5/23/2011,10/4/2015,frazt001,frazito01
freemfr01,6,6,751,2709,405,771,496,163,8,0.284606866,0.465854559,104,424,0.371556694,13,9,329,643,25,35,0,24,60,Freddie Freeman,,225,77,L,R,9/1/2010,10/4/2015,freef001,freemfr01
freesda01,7,7,721,2453,301,677,471,133,5,0.275988585,0.417448023,68,348,0.344424132,8,10,220,600,3,42,4,17,92,David Freese,,225,74,R,R,4/6/2009,10/4/2015,freed001,freesda01
fryerer01,5,5,65,140,20,34,25,7,0,0.242857143,0.335714286,2,11,0.333333333,2,1,17,37,1,1,0,0,1,Eric Fryer,,215,74,R,R,6/26/2011,10/4/2015,fryee001,fryerer01
galero01,1,1,11,10,0,1,1,0,0,0.1,0.1,0,0,0.1,0,0,0,1,0,0,0,0,1,Rocky Gale,,175,73,R,R,9/6/2015,10/4/2015,galer002,galero01
gallojo01,1,1,36,108,16,22,12,3,1,0.203703704,0.416666667,6,14,0.317460317,3,0,15,57,3,0,0,0,0,Joey Gallo,,230,77,L,R,6/2/2015,10/4/2015,gallj002,gallojo01
galvifr01,4,4,322,1073,104,259,191,37,11,0.24137931,0.352283318,20,105,0.283464567,12,1,58,207,3,4,13,5,22,Freddy Galvis,,190,70,B,R,4/5/2012,10/4/2015,galvf001,galvifr01
garciad01,1,1,58,191,20,53,31,12,0,0.277486911,0.497382199,10,26,0.292929293,0,0,5,35,0,0,0,2,9,Adonis Garcia,,190,69,R,R,5/19/2015,10/4/2015,garca004,garciad01
garciav01,5,6,289,1016,123,268,204,32,5,0.263779528,0.38484252,27,122,0.314596555,14,13,62,254,5,12,0,8,27,Avisail Garcia,,240,76,R,R,8/31/2012,10/4/2015,garca003,garciav01
garcigr01,2,2,63,89,9,20,12,6,0,0.224719101,0.359550562,2,5,0.342857143,0,0,11,18,1,4,1,0,2,Greg Garcia,,190,72,L,R,4/28/2014,10/4/2015,garcg002,garcigr01
gardnbr01,8,8,919,3058,519,807,571,136,44,0.263897973,0.392086331,56,301,0.346386409,202,48,354,667,4,38,51,19,33,Brett Gardner,,185,70,L,L,6/30/2008,10/4/2015,gardb001,gardnbr01
garnedu01,1,1,22,70,6,11,6,3,0,0.157142857,0.285714286,2,8,0.243589744,0,0,6,14,2,0,0,0,2,Dustin Garneau,,200,72,R,R,8/20/2015,10/4/2015,garnd001,garnedu01
gattiev01,3,3,366,1289,151,322,182,58,12,0.249806051,0.476338247,70,205,0.300644238,0,1,73,297,10,15,0,10,32,Evan Gattis,,260,76,R,R,4/3/2013,10/4/2015,gatte001,gattiev01
gennesc01,3,3,320,1028,126,295,205,60,9,0.286964981,0.424124514,21,104,0.324175824,9,7,44,177,10,5,13,5,22,Scooter Gennett,,185,70,L,R,6/3/2013,10/4/2015,genns001,gennesc01
giavojo01,5,5,254,890,104,227,164,45,10,0.25505618,0.35505618,8,94,0.298538622,10,4,52,135,0,7,9,9,16,Johnny Giavotella,,185,68,R,R,8/5/2011,10/4/2015,giavj001,giavojo01
gillaco01,7,8,368,1153,115,294,198,61,10,0.25498699,0.39028621,25,125,0.314420804,0,6,90,207,10,5,0,11,14,Conor Gillaspie,,195,73,L,R,9/9/2008,8/16/2015,gillc001,gillaco01
gilleco01,7,9,180,388,45,98,68,22,2,0.25257732,0.365979381,6,41,0.312206573,7,4,31,83,2,2,3,3,12,Cole Gillespie,,205,74,R,R,4/21/2010,10/4/2015,gillc002,gilleco01
goinsry01,3,3,229,676,77,158,116,27,7,0.233727811,0.329881657,8,68,0.281207133,2,2,46,153,0,1,13,6,17,Ryan Goins,,185,70,L,R,8/23/2013,10/4/2015,goinr001,goinsry01
goldspa01,5,5,621,2245,391,672,383,165,8,0.299331849,0.534966592,116,412,0.409023669,67,18,361,589,62,11,0,25,64,Paul Goldschmidt,,225,75,R,R,8/1/2011,10/4/2015,goldp001,goldspa01
gomesya01,4,4,361,1239,153,325,203,69,5,0.262308313,0.442292171,48,170,0.305286672,2,0,61,323,4,20,1,19,39,Yan Gomes,,215,74,R,R,5/17/2012,10/3/2015,gomey001,gomesya01
gomezca01,10,11,1086,3499,527,908,595,173,37,0.259502715,0.418405259,103,400,0.314975085,221,60,222,863,7,64,35,21,52,Carlos Gomez,,220,75,R,R,5/13/2007,9/30/2015,gomec002,gomezca01
gomezhe01,3,3,83,153,18,28,13,12,2,0.183006536,0.307189542,1,8,0.223602484,0,0,5,51,1,2,2,0,1,Hector Gomez,,195,74,R,R,9/16/2011,8/5/2015,gomeh001,gomezhe01
gonzaad01,13,14,1648,6171,899,1792,1106,384,12,0.290390536,0.497488251,290,1056,0.375790806,6,4,696,1207,145,40,4,61,179,Adrian Gonzalez,,220,74,L,L,4/18/2004,10/4/2015,gonza003,gonzaad01
gonzaca01,8,8,914,3371,570,978,577,191,34,0.290121626,0.523583506,176,554,0.353961056,112,26,291,827,41,17,7,29,66,Carlos Gonzalez,,220,73,L,L,5/30/2008,10/4/2015,gonzc001,gonzaca01
gonzama01,4,4,375,1038,120,268,188,54,2,0.258188825,0.383429672,24,83,0.29972752,15,14,55,198,0,7,20,1,29,Marwin Gonzalez,,205,73,B,R,4/6/2012,10/4/2015,gonzm002,gonzama01
gordoal01,9,9,1136,4245,605,1140,723,262,21,0.268551237,0.434864547,134,523,0.352807597,81,35,468,1000,34,67,5,30,74,Alex Gordon,,220,73,L,R,4/2/2007,10/4/2015,gorda001,gordoal01
gordode01,5,5,474,1845,261,540,440,67,25,0.292682927,0.369105691,8,114,0.329765545,188,58,93,308,4,10,14,10,15,Dee Gordon,,170,71,L,R,6/6/2011,10/4/2015,gordd002,gordode01
gorete01,2,2,20,4,6,0,0,0,0,0,0,0,0,0.333333333,8,0,0,1,0,2,0,0,0,Terrance Gore,,165,67,R,R,8/31/2014,10/2/2015,goret001,gorete01
gosean01,4,4,342,1037,144,252,180,45,17,0.243008679,0.348119576,10,62,0.310526316,57,22,92,315,0,10,11,1,26,Anthony Gose,,190,73,L,L,7/17/2012,10/4/2015,gosea001,gosean01
gosewtu01,3,3,93,302,16,64,46,16,0,0.21192053,0.284768212,2,23,0.240506329,2,1,11,55,0,1,1,2,11,Tuffy Gosewisch,,200,71,R,R,8/1/2013,5/27/2015,goset001,gosewtu01
gosseph01,4,5,94,240,38,69,51,13,1,0.2875,0.4,4,18,0.340996169,4,3,15,45,1,4,1,1,3,Philip Gosselin,,200,73,R,R,8/16/2013,10/4/2015,gossp001,gosseph01
grandcu01,12,12,1499,5582,951,1435,829,259,84,0.257076317,0.474919384,263,742,0.34311725,141,42,684,1459,20,47,29,38,43,Curtis Granderson,,200,73,L,R,9/13/2004,10/4/2015,granc001,grandcu01
grandya01,4,4,331,1012,131,244,156,46,2,0.241106719,0.409090909,40,141,0.353769677,3,1,172,264,5,6,1,12,32,Yasmani Grandal,,225,73,B,R,6/2/2012,10/4/2015,grany001,grandya01
greengr01,4,5,109,281,29,70,53,13,1,0.24911032,0.334519573,3,31,0.285714286,1,5,14,78,1,1,0,4,8,Grant Green,,180,75,R,R,7/8/2013,8/31/2015,greeg002,greengr01
gregodi01,4,4,346,1172,140,296,215,49,10,0.252559727,0.36774744,22,113,0.319754035,8,5,92,207,8,20,8,9,9,Didi Gregorius,,205,74,L,R,9/5/2012,10/4/2015,gregd001,gregodi01
grichra01,2,2,150,433,60,116,59,29,8,0.267898383,0.51039261,20,55,0.319057816,4,4,27,141,2,4,1,1,10,Randal Grichuk,,195,73,R,R,4/28/2014,10/4/2015,gricr001,grichra01
grossro01,3,3,190,666,78,160,117,30,2,0.24024024,0.340840841,11,63,0.327608983,15,10,83,192,1,4,8,3,9,Robbie Grossman,,205,72,B,L,4/24/2013,5/12/2015,grosr001,grossro01
guerral01,2,2,117,232,25,52,31,9,1,0.224137931,0.413793103,11,36,0.251028807,1,0,7,63,0,2,0,2,7,Alex Guerrero,,215,72,R,R,3/22/2014,10/4/2015,guera001,guerral01
gutiefr01,10,10,821,2728,353,704,475,138,9,0.258064516,0.40542522,82,314,0.312121212,77,18,192,635,12,19,31,19,63,Franklin Gutierrez,,200,74,R,R,8/31/2005,10/4/2015,gutif001,gutiefr01
guyerbr01,4,4,243,639,97,166,112,37,3,0.259780908,0.392801252,14,58,0.338440111,16,5,42,123,0,35,11,2,9,Brandon Guyer,,200,74,R,R,5/6/2011,10/4/2015,guyeb001,guyerbr01
gyorkje01,3,3,364,1307,133,309,201,58,1,0.236419281,0.394797246,49,171,0.294611617,4,4,96,330,3,13,0,10,35,Jedd Gyorko,,205,70,R,R,4/1/2013,10/4/2015,gyorj001,gyorkje01
haguema01,3,3,43,84,6,19,16,3,0,0.226190476,0.261904762,0,7,0.293478261,1,0,5,19,1,2,0,0,2,Matt Hague,,225,75,R,R,4/7/2012,10/1/2015,hagum001,haguema01
hamilbi02,3,3,279,994,137,241,185,35,11,0.242454728,0.329979879,10,77,0.287453184,126,32,64,196,0,2,19,8,6,Billy Hamilton,,160,72,B,R,9/3/2013,9/16/2015,hamib001,hamilbi02
hamiljo03,9,9,1027,3909,609,1134,676,234,24,0.29009977,0.515732924,200,701,0.357402361,50,16,352,938,55,33,1,55,66,Josh Hamilton,,240,76,L,L,4/2/2007,10/4/2015,hamij003,hamiljo03
hanigry01,9,9,612,1753,174,447,354,65,1,0.254991443,0.33941814,27,188,0.363636364,1,1,240,237,38,27,13,10,45,Ryan Hanigan,,215,72,R,R,9/9/2007,9/24/2015,hanir001,hanigry01
hardyjj01,11,11,1373,5146,651,1324,887,249,13,0.257287213,0.412747765,175,616,0.310307802,8,8,373,844,23,14,38,32,135,J. J. Hardy,,200,73,R,R,4/4/2005,10/4/2015,hardj003,hardyjj01
harpebr03,4,4,510,1830,328,528,318,98,15,0.28852459,0.517486339,97,248,0.390820584,37,16,279,449,23,13,9,12,33,Bryce Harper,,215,75,L,R,4/28/2012,10/4/2015,harpb003,harpebr03
hartco01,11,11,1048,3729,549,1009,593,221,33,0.270581925,0.477876106,162,538,0.331227217,85,40,286,853,16,52,15,32,90,Corey Hart,,240,78,R,R,5/25/2004,6/21/2015,hartc001,hartco01
hayesbr01,7,7,189,434,46,89,49,26,1,0.205069124,0.359447005,13,37,0.259656652,1,0,25,140,6,1,4,0,6,Brett Hayes,,210,73,R,R,5/22/2009,5/23/2015,hayeb001,hayesbr01
headlch01,10,11,1122,4057,500,1073,732,223,14,0.264481144,0.403253636,104,480,0.34758082,76,25,457,1028,25,47,2,23,93,Chase Headley,,210,74,B,R,6/15/2007,10/4/2015,headc001,headlch01
heathsl01,1,1,17,25,6,10,6,2,0,0.4,0.72,2,8,0.428571429,0,1,2,5,0,0,0,1,0,Slade Heathcott,,190,73,L,L,5/20/2015,10/3/2015,heats001,heathsl01
hechaad01,4,4,465,1675,147,435,341,59,24,0.259701493,0.343283582,11,139,0.298206278,25,17,83,292,10,4,13,12,60,Adeiny Hechavarria,,215,74,R,R,8/4/2012,9/2/2015,hecha001,hechaad01
hedgeau01,1,1,56,137,13,23,18,2,0,0.167883212,0.248175182,3,11,0.22,0,0,8,38,1,1,3,3,1,Austin Hedges,,200,73,R,R,5/4/2015,10/4/2015,hedga001,hedgeau01
heisech01,6,6,576,1381,192,338,213,63,10,0.244750181,0.417813179,52,156,0.30408971,25,9,92,348,6,25,14,12,20,Chris Heisey,,215,73,R,R,5/3/2010,10/4/2015,heisc001,heisech01
hernace02,3,3,227,640,87,172,139,27,4,0.26875,0.3328125,2,49,0.333333333,20,9,58,145,2,3,5,2,9,Cesar Hernandez,,165,70,B,R,5/29/2013,9/13/2015,hernc005,hernace02
hernaen02,3,4,118,323,37,92,59,18,5,0.284829721,0.464396285,10,36,0.336182336,0,2,23,67,0,3,1,2,4,Enrique Hernandez,,200,71,R,R,7/1/2014,10/3/2015,herne001,hernaen02
hernago01,3,4,78,161,18,30,22,2,3,0.186335404,0.291925466,3,13,0.259887006,8,2,13,42,0,3,1,0,2,Gorkys Hernandez,,190,73,R,R,5/21/2012,7/12/2015,herng001,hernago01
hernaos01,1,1,18,31,4,5,4,1,0,0.161290323,0.193548387,0,1,0.257142857,0,0,3,15,0,1,1,0,0,Oscar Hernandez,,220,73,R,R,7/12/2015,10/2/2015,herno002,hernaos01
herredi01,2,2,49,149,13,32,21,3,2,0.214765101,0.382550336,6,17,0.311764706,2,0,18,40,1,2,0,0,5,Dilson Herrera,,150,70,R,R,8/29/2014,10/3/2015,herrd002,herredi01
herreel01,4,4,223,586,69,148,103,35,2,0.252559727,0.360068259,8,55,0.307692308,11,4,44,160,2,2,4,3,10,Elian Herrera,,205,71,B,R,5/15/2012,9/19/2015,herre001,herreel01
herrejo03,7,7,490,1200,136,311,257,34,10,0.259166667,0.329166667,10,89,0.319908815,18,13,96,196,8,6,36,6,26,Jonathan Herrera,,180,69,B,R,4/30/2008,9/9/2015,herrj002,herrejo03
herreod01,1,1,147,495,64,147,106,30,3,0.296969697,0.418181818,8,41,0.343984962,16,8,28,129,0,8,5,1,6,Odubel Herrera,,200,71,L,R,4/6/2015,10/4/2015,herro001,herreod01
herrmch01,4,4,142,353,37,64,42,15,1,0.181303116,0.280453258,6,33,0.249350649,1,1,30,108,0,2,4,0,6,Chris Herrmann,,200,72,L,R,9/16/2012,10/3/2015,herrc001,herrmch01
heywaja01,6,6,835,3005,446,804,528,158,21,0.267554077,0.430948419,97,352,0.355542624,86,27,371,634,15,32,1,14,46,Jason Heyward,,245,77,L,L,4/5/2010,10/4/2015,heywj001,heywaja01
hicksaa01,3,3,247,819,107,184,128,30,6,0.224664225,0.349206349,20,78,0.307359307,26,9,94,206,2,4,6,5,8,Aaron Hicks,,210,74,B,R,4/1/2013,10/3/2015,hicka001,hicksaa01
hicksjo02,1,1,17,32,1,2,1,1,0,0.0625,0.09375,0,1,0.090909091,1,1,1,18,0,0,1,0,0,John Hicks,,210,74,R,R,8/29/2015,10/3/2015,hickj001,hicksjo02
hillaa01,12,13,1400,5200,681,1393,912,309,21,0.267884615,0.4225,151,650,0.324982481,70,33,391,775,19,52,19,46,126,Aaron Hill,,200,71,R,R,5/20/2005,10/4/2015,hilla001,hillaa01
hoeslj01,5,6,112,308,37,73,55,12,2,0.237012987,0.327922078,4,22,0.288690476,7,1,23,69,0,1,1,4,9,L. J. Hoes,,200,72,R,R,9/25/2012,7/23/2015,hoesl001,hoeslj01
holadbr01,4,4,108,259,28,65,49,12,1,0.250965251,0.33976834,3,30,0.282608696,1,1,11,55,0,2,6,4,4,Bryan Holaday,,205,72,R,R,6/6/2012,10/4/2015,holab001,holadbr01
hollima01,13,14,1663,6201,1056,1901,1167,428,31,0.306563458,0.518626028,275,1091,0.390418657,107,37,709,1159,56,113,1,39,197,Matt Holliday,,250,76,R,R,4/16/2004,10/4/2015,hollm001,hollima01
holtbr01,4,4,285,1027,139,284,212,54,12,0.276533593,0.370009737,6,88,0.33510168,21,3,90,213,0,5,14,9,15,Brock Holt,,180,68,L,R,9/1/2012,10/3/2015,holtb002,holtbr01
holtty01,3,4,50,102,8,22,20,2,0,0.215686275,0.235294118,0,2,0.266055046,3,2,6,36,0,1,1,0,1,Tyler Holt,,190,70,R,R,7/6/2014,10/4/2015,holtt001,holtty01
hosmeer01,5,5,728,2783,369,779,537,151,14,0.279913762,0.427236795,77,368,0.341455491,49,15,237,478,25,10,2,23,66,Eric Hosmer,,225,76,L,L,5/6/2011,10/4/2015,hosme001,hosmeer01
howarry01,12,12,1460,5376,813,1410,765,267,21,0.262276786,0.518973214,357,1135,0.364240506,12,4,682,1729,152,58,0,52,109,Ryan Howard,,250,76,L,L,9/1/2004,9/14/2015,howar001,howarry01
hundlni01,9,10,663,2169,223,539,351,110,16,0.248501614,0.399723375,62,257,0.30432955,13,16,158,561,11,16,7,25,36,Nick Hundley,,205,73,R,R,7/4/2008,9/6/2015,hundn001,hundlni01
hunteto01,19,19,2372,8857,1296,2452,1562,498,39,0.276843175,0.461442926,353,1391,0.334976381,195,99,661,1741,52,97,6,71,262,Torii Hunter,,220,74,R,R,8/22/1997,10/3/2015,huntt001,hunteto01
iannech01,10,10,852,2553,332,590,355,125,10,0.231100666,0.405405405,100,378,0.35513111,11,10,433,713,21,53,7,29,54,Chris Iannetta,,230,72,R,R,8/27/2006,9/28/2015,iannc001,iannech01
iglesjo01,5,6,264,840,91,241,195,35,5,0.286904762,0.361904762,6,54,0.336992316,17,10,44,122,2,20,10,5,19,Jose Iglesias,,185,71,R,R,5/8/2011,9/3/2015,iglej001,iglesjo01
inciaen01,2,2,250,942,127,275,213,45,7,0.291932059,0.38641189,10,72,0.329341317,40,13,51,111,0,4,6,5,11,Ender Inciarte,,185,70,L,L,5/2/2014,9/29/2015,incie001,inciaen01
infanom01,15,16,1468,5137,593,1395,1010,251,52,0.271559276,0.388553631,82,531,0.310476537,80,33,287,753,11,14,62,49,89,Omar Infante,,195,71,R,R,9/7/2002,9/18/2015,infao001,infanom01
ishiktr01,11,14,488,944,114,241,164,49,5,0.25529661,0.390889831,23,137,0.327324478,3,2,85,257,10,9,6,6,21,Travis Ishikawa,,220,75,L,L,4/18/2006,10/2/2015,ishit001,ishiktr01
jacksau01,8,10,860,3392,522,925,653,170,47,0.272700472,0.399174528,55,296,0.334135902,106,40,298,884,7,19,26,22,57,Austin Jackson,,205,73,R,R,4/5/2010,10/4/2015,jacka001,jacksau01
jacksry02,3,3,42,33,2,2,2,0,0,0.060606061,0.060606061,0,0,0.114285714,0,0,2,10,0,0,4,0,2,Ryan Jackson,,180,75,R,R,8/11/2012,9/30/2015,jackr005,jacksry02
jankotr01,1,1,34,90,9,19,13,2,2,0.211111111,0.344444444,2,12,0.244680851,2,1,4,24,0,0,2,0,1,Travis Jankowski,,190,75,L,R,8/21/2015,10/4/2015,jankt001,jankotr01
jasojo01,7,7,550,1588,222,417,272,99,9,0.262594458,0.406171285,37,204,0.362412493,15,5,234,272,4,18,4,13,39,John Jaso,,205,74,L,R,9/6/2008,10/3/2015,jasoj001,jasojo01
jayjo02,6,6,757,2356,325,676,520,113,14,0.286926995,0.383701188,29,227,0.358896864,43,28,185,419,19,70,41,17,62,Jon Jay,,195,71,L,L,4/26/2010,10/4/2015,jay-j001,jayjo02
jennide01,6,6,502,1876,289,468,307,92,21,0.249466951,0.397654584,48,171,0.327479829,93,27,198,423,2,22,21,9,26,Desmond Jennings,,210,74,R,R,9/1/2010,8/25/2015,jennd002,jennide01
jimenlu02,4,5,68,157,19,34,26,8,0,0.21656051,0.267515924,0,7,0.253012048,0,2,3,47,0,5,2,1,3,Luis Jimenez,,205,73,R,R,4/12/2013,5/6/2015,jimel002,jimenlu02
johnsch05,9,11,726,2568,236,719,508,143,10,0.279984424,0.411214953,58,315,0.319474836,18,4,125,675,14,18,3,17,76,Chris Johnson,,225,75,R,R,9/9/2009,10/2/2015,johnc003,johnsch05
johnsda06,11,12,443,1382,179,324,204,61,2,0.234442836,0.405209841,57,203,0.338640539,1,1,214,244,8,7,0,22,35,Dan Johnson,,210,74,L,R,5/27/2005,7/28/2015,johnd004,johnsda06
johnske05,14,19,1268,4239,607,1065,664,216,40,0.2512385,0.423684831,145,516,0.333611517,83,36,491,1080,17,26,28,20,64,Kelly Johnson,,195,73,L,R,5/29/2005,10/3/2015,johnk003,johnske05
johnsmi04,1,1,36,100,10,23,19,4,0,0.23,0.27,0,4,0.306306306,3,2,9,30,0,2,2,0,0,Micah Johnson,,210,72,L,R,4/6/2015,9/21/2015,johnm006,johnsmi04
johnsre02,14,15,1320,3630,518,1014,711,215,23,0.279338843,0.404958678,65,408,0.33685269,41,29,181,728,11,134,25,22,78,Reed Johnson,,180,70,R,R,4/17/2003,10/3/2015,johnr008,johnsre02
jonesad01,10,10,1242,4728,675,1316,864,229,27,0.278341794,0.462563452,196,659,0.320527975,84,32,219,973,14,78,6,37,123,Adam Jones,,215,74,R,R,7/14/2006,9/27/2015,jonea003,jonesad01
jonesja06,2,2,136,341,47,81,66,10,5,0.237536657,0.296187683,0,9,0.267605634,28,2,14,80,0,0,4,0,4,James Jones,,200,76,L,L,4/18/2014,10/4/2015,jonej005,jonesja06
josepca01,2,2,182,566,60,126,80,25,1,0.222614841,0.376325088,20,77,0.286173633,0,1,44,141,2,6,9,4,13,Caleb Joseph,,180,75,R,R,5/7/2014,10/3/2015,josec002,josepca01
joycema01,8,8,818,2429,326,589,343,139,14,0.24248662,0.426101276,93,334,0.33968254,29,19,329,600,20,25,2,32,46,Matthew Joyce,,200,74,L,R,5/5/2008,9/21/2015,joycm001,joycema01
kangju01,1,1,126,421,60,121,80,24,2,0.287410926,0.460807601,15,58,0.355460385,5,4,28,99,0,17,0,1,10,Jung Ho Kang,,205,72,R,R,4/8/2015,9/17/2015,kangj001,kangju01
kawasmu01,4,4,262,612,77,143,120,16,6,0.233660131,0.284313725,1,50,0.314492754,10,4,66,114,0,8,22,4,11,Munenori Kawasaki,,175,71,L,R,4/7/2012,10/4/2015,kawam001,kawasmu01
kempma01,10,10,1270,4665,730,1346,859,246,36,0.288531618,0.488531618,205,748,0.351673721,182,61,403,1211,55,24,1,51,121,Matt Kemp,,210,76,R,R,5/28/2006,9/29/2015,kempm001,kempma01
kendrho01,10,10,1198,4581,598,1341,951,271,32,0.292730845,0.422833442,87,555,0.336315575,101,38,238,843,28,47,24,24,144,Howie Kendrick,,220,71,R,R,4/26/2006,10/3/2015,kendh001,kendrho01
keplema01,1,1,3,7,0,1,1,0,0,0.142857143,0.142857143,0,0,0.142857143,0,0,0,3,0,0,0,0,0,Max Kepler,,205,76,L,L,9/27/2015,10/4/2015,keplm001,keplema01
kiermke01,3,3,260,836,97,220,139,41,20,0.263157895,0.431818182,20,75,0.306487696,23,9,47,166,2,5,7,4,10,Kevin Kiermaier,,215,73,L,R,9/30/2013,10/3/2015,kierk001,kiermke01
kinslia01,10,10,1381,5509,942,1518,976,324,34,0.275549101,0.446905064,184,704,0.344626358,197,52,534,727,9,65,32,52,127,Ian Kinsler,,200,72,R,R,4/3/2006,10/3/2015,kinsi001,kinslia01
kipnija01,5,5,607,2356,343,640,435,135,17,0.271646859,0.410865874,53,272,0.349402093,100,25,261,493,13,21,13,25,42,Jason Kipnis,,195,71,L,R,7/22/2011,10/3/2015,kipnj001,kipnija01
kozmape01,5,5,275,621,76,138,103,29,3,0.222222222,0.293075684,3,52,0.298850575,8,2,58,139,11,1,4,5,10,Pete Kozma,,190,72,R,R,5/18/2011,10/4/2015,kozmp001,kozmape01
kratzer01,8,10,192,514,52,112,66,23,0,0.217898833,0.39688716,23,69,0.278659612,0,0,36,116,7,3,0,7,17,Erik Kratz,,240,76,R,R,7/17/2010,10/4/2015,krate001,kratzer01
krausma01,5,8,146,398,30,75,45,18,0,0.188442211,0.324120603,12,42,0.255172414,2,0,34,130,0,2,0,1,9,Marc Krauss,,245,74,L,R,6/21/2013,7/24/2015,kraum001,krausma01
kubitky01,1,1,19,36,6,7,7,0,0,0.194444444,0.194444444,0,1,0.256410256,0,0,3,15,0,0,0,0,2,Kyle Kubitza,,210,75,L,R,6/10/2015,10/2/2015,kubik001,kubitky01
ladenty01,1,1,9,17,3,4,3,0,1,0.235294118,0.352941176,0,2,0.277777778,0,0,1,2,0,0,0,0,0,Tyler Ladendorf,,190,72,R,R,4/8/2015,9/17/2015,ladet001,ladenty01
lagarju01,3,3,380,1249,128,326,238,61,13,0.261008807,0.364291433,14,122,0.300898204,26,10,56,270,7,13,9,11,18,Juan Lagares,,215,73,R,R,4/23/2013,10/4/2015,lagaj001,lagarju01
lairdge01,13,13,799,2452,314,597,413,137,9,0.243474715,0.353181077,38,238,0.306612486,21,11,193,494,8,32,35,22,58,Gerald Laird,,230,73,R,R,4/30/2003,4/8/2015,lairg001,lairdge01
lakeju01,4,5,201,624,60,148,96,33,3,0.237179487,0.376602564,16,46,0.277945619,15,7,31,207,0,5,2,2,6,Junior Lake,,215,75,R,R,7/19/2013,9/30/2015,lakej001,lakeju01
lamarry01,1,1,21,25,2,2,2,0,0,0.08,0.08,0,0,0.08,0,0,0,9,0,0,1,0,1,Ryan LaMarre,,205,73,R,L,8/22/2015,10/4/2015,lamar001,lamarry01
lambja01,2,2,144,476,53,121,86,19,6,0.254201681,0.382352941,10,45,0.317490494,4,3,42,134,3,1,0,4,9,Jake Lamb,,205,75,L,R,8/7/2014,10/4/2015,lambj001,lambja01
lamboan01,3,3,59,94,8,18,10,7,0,0.191489362,0.29787234,1,3,0.232323232,0,1,5,27,0,0,0,0,2,Andrew Lambo,,215,75,L,L,8/13/2013,5/3/2015,lamba001,lamboan01
lasteto01,2,2,126,386,26,98,73,22,1,0.25388601,0.331606218,2,42,0.330254042,4,1,41,47,2,2,3,2,9,Tommy La Stella,,190,71,L,R,5/28/2014,10/4/2015,lastt001,lasteto01
lavarry01,6,7,134,373,30,74,44,23,0,0.198391421,0.316353887,7,40,0.259803922,0,0,29,99,1,2,0,3,14,Ryan Lavarnway,,240,76,R,R,8/18/2011,10/4/2015,lavar001,lavarry01
lawribr01,5,5,494,1866,231,491,329,90,13,0.263129689,0.420150054,59,217,0.316568047,34,16,123,378,3,25,8,11,25,Brett Lawrie,,210,72,R,R,8/5/2011,10/4/2015,lawrb002,lawribr01
lemahdj01,5,5,526,1751,212,498,395,71,17,0.284408909,0.370074243,15,157,0.334739062,52,22,116,325,17,4,21,9,56,DJ LeMahieu,,215,76,R,R,5/30/2011,10/3/2015,lemad001,lemahdj01
leonsa01,4,4,75,209,17,39,33,5,0,0.186602871,0.224880383,1,8,0.260869565,0,1,17,60,1,3,6,0,6,Sandy Leon,,225,70,B,R,5/14/2012,10/4/2015,leons001,leonsa01
lindad01,10,10,1102,3909,501,1070,664,228,12,0.273727296,0.465592223,166,606,0.337488458,6,4,339,809,37,16,3,31,97,Adam Lind,,195,74,L,L,9/2/2006,10/4/2015,linda001,lindad01
lindofr01,1,1,99,390,50,122,84,22,4,0.312820513,0.482051282,12,51,0.352941176,12,2,27,69,0,1,13,7,12,Francisco Lindor,,190,71,B,R,6/14/2015,10/4/2015,lindf001,lindofr01
lobatjo01,6,6,301,845,85,190,135,39,2,0.224852071,0.325443787,14,84,0.302006336,0,2,88,225,3,5,5,6,24,Jose Lobaton,,215,73,B,R,7/5/2009,10/3/2015,lobaj001,lobatjo01
lolliry01,1,1,5,12,0,2,2,0,0,0.166666667,0.166666667,0,0,0.230769231,1,0,1,1,0,0,0,0,0,Ryan Lollis,,185,74,L,L,7/4/2015,8/20/2015,lollr001,lolliry01
lombast02,5,5,289,788,75,207,164,33,5,0.262690355,0.336294416,5,52,0.296028881,10,6,29,102,2,8,11,4,8,Steve Lombardozzi,,200,72,B,R,9/6/2011,7/11/2015,lombs002,lombast02
loneyja01,11,12,1343,4680,498,1334,964,251,20,0.285042735,0.410683761,99,635,0.345774512,38,21,381,615,58,15,7,37,145,James Loney,,235,75,L,L,4/4/2006,10/4/2015,lonej001,loneyja01
longoev01,8,8,1119,4204,628,1138,659,261,13,0.270694577,0.485252141,205,708,0.356878089,45,11,481,967,68,46,1,57,117,Evan Longoria,,210,74,R,R,4/12/2008,10/4/2015,longe001,longoev01
loughda01,4,4,312,682,89,174,126,26,9,0.255131965,0.376832845,13,63,0.29532967,16,11,34,130,0,7,13,5,8,David Lough,,175,70,L,L,9/1/2012,10/4/2015,lougd001,loughda01
lowrije01,8,8,712,2483,327,638,400,161,12,0.256947241,0.409987918,65,314,0.331550802,7,2,261,451,15,16,8,30,53,Jed Lowrie,,180,72,B,R,4/15/2008,10/4/2015,lowrj001,lowrije01
lucrojo01,6,6,710,2500,298,705,483,140,16,0.282,0.43,66,337,0.341781318,24,9,217,391,7,15,6,23,75,Jonathan Lucroy,,195,72,R,R,5/21/2010,10/4/2015,lucrj001,lucrojo01
machadi01,1,1,24,68,6,16,13,3,0,0.235294118,0.279411765,0,5,0.306666667,1,0,7,14,0,0,3,0,3,Dixon Machado,,170,73,R,R,5/25/2015,10/4/2015,machd001,machadi01
machama01,4,4,451,1818,252,511,333,103,7,0.281078108,0.457645765,68,215,0.331132555,30,15,128,330,4,9,14,10,51,Manny Machado,,185,75,R,R,8/9/2012,10/4/2015,machm001,machama01
mahtomi01,1,1,41,105,22,31,16,5,1,0.295238095,0.619047619,9,19,0.350877193,4,3,6,31,0,3,1,0,0,Mikie Mahtook,,200,73,R,R,4/10/2015,10/4/2015,mahtm001,mahtomi01
mailelu01,1,1,15,35,2,6,3,3,0,0.171428571,0.257142857,0,2,0.171428571,0,0,0,8,0,0,0,0,3,Luke Maile,,225,75,R,R,9/1/2015,10/4/2015,maill001,mailelu01
marisja01,4,5,238,669,73,155,112,25,5,0.231689088,0.342301943,13,60,0.276005548,38,13,32,199,3,9,9,8,5,Jake Marisnick,,220,76,R,R,7/23/2013,10/4/2015,marij002,marisja01
markani01,10,10,1521,5943,822,1728,1213,354,17,0.290762241,0.428739694,144,711,0.363934916,63,26,623,857,51,36,4,46,148,Nick Markakis,,190,73,L,L,4/3/2006,10/4/2015,markn001,markani01
marrede01,1,1,25,53,8,12,11,0,0,0.226415094,0.283018868,1,3,0.267857143,2,1,3,19,0,0,0,0,0,Deven Marrero,,195,73,R,R,6/28/2015,10/4/2015,marrd001,marrede01
marteal01,3,3,71,155,12,28,17,8,1,0.180645161,0.283870968,2,13,0.24852071,1,0,11,47,0,3,1,0,2,Alfredo Marte,,200,71,R,R,4/2/2013,6/23/2015,marta005,marteal01
marteje01,1,1,33,80,9,17,9,4,0,0.2125,0.4125,4,11,0.284090909,0,0,8,22,0,0,2,0,2,Jefry Marte,,220,73,R,R,7/5/2015,10/4/2015,martj007,marteje01
marteke01,1,1,57,219,25,62,43,14,3,0.283105023,0.401826484,2,17,0.351020408,8,4,24,43,0,0,2,2,1,Ketel Marte,,165,73,B,R,7/31/2015,10/4/2015,martk001,marteke01
martest01,4,4,470,1751,258,496,335,88,24,0.283266705,0.444888635,49,189,0.3421875,113,41,93,442,5,63,11,8,30,Starling Marte,,185,73,R,R,7/26/2012,10/4/2015,marts002,martest01
martijd02,5,5,533,1936,237,533,333,107,8,0.275309917,0.470557851,85,304,0.331135186,11,8,146,530,13,11,0,17,49,J. D. Martinez,,220,75,R,R,7/30/2011,10/4/2015,martj006,martijd02
martile01,5,5,429,1332,168,339,252,52,15,0.254504505,0.361111111,20,120,0.306518724,84,26,87,300,4,12,23,7,17,Leonys Martin,,200,74,L,R,9/2/2011,9/28/2015,martl004,martile01
martimi02,5,5,204,433,49,81,63,11,2,0.187066975,0.256351039,5,38,0.240343348,4,1,28,93,3,0,9,2,8,Michael Martinez,,175,69,B,R,4/3/2011,10/4/2015,martm003,martimi02
martiru01,10,10,1292,4441,626,1141,776,214,9,0.256924116,0.405088944,142,617,0.357211817,97,45,592,838,42,75,10,29,157,Russell Martin,,205,70,R,R,5/5/2006,10/4/2015,martr004,martiru01
martivi01,14,15,1579,5885,779,1776,1209,364,3,0.301784197,0.466610025,200,991,0.377251749,7,7,612,689,104,42,0,74,211,Victor Martinez,,210,74,B,R,9/10/2002,9/28/2015,martv001,martivi01
mauerjo01,12,12,1456,5425,817,1697,1211,343,24,0.31281106,0.450691244,119,755,0.406220547,48,17,743,772,127,19,5,52,171,Joe Mauer,,225,77,L,R,4/5/2004,10/3/2015,mauej001,mauerjo01
maxweju01,8,9,441,1057,145,233,135,48,9,0.220435194,0.399243141,41,133,0.30460251,28,10,115,371,3,13,1,7,18,Justin Maxwell,,225,77,R,R,9/5/2007,8/31/2015,maxwj002,maxweju01
maybejo02,8,9,574,1386,172,326,184,83,3,0.235209235,0.420634921,56,180,0.301181102,15,7,119,351,5,9,0,5,35,John Mayberry,,235,78,R,R,5/23/2009,7/24/2015,maybj001,maybejo02
maybica01,9,9,702,2378,338,596,430,100,24,0.250630782,0.365853659,42,209,0.314864348,116,30,203,574,9,16,15,11,51,Cameron Maybin,,215,75,R,R,8/17/2007,10/4/2015,maybc001,maybica01
mcbrima02,3,3,72,151,19,30,22,4,0,0.198675497,0.304635762,4,17,0.227848101,0,0,3,33,0,3,0,1,4,Matt McBride,,215,74,R,R,8/4/2012,9/1/2015,mcbrm002,mcbrima02
mccanbr01,11,11,1380,4823,589,1293,807,257,4,0.2680904,0.46298984,225,830,0.348167062,23,8,498,804,65,53,9,44,139,Brian McCann,,220,75,L,R,6/10/2005,10/4/2015,mccab002,mccanbr01
mccanja02,2,2,123,413,34,109,78,19,5,0.263922518,0.384987893,7,41,0.295612009,1,1,16,92,0,3,4,1,17,James McCann,,210,74,R,R,9/1/2014,10/4/2015,mccaj001,mccanja02
mccutan01,7,7,1037,3865,639,1151,725,236,39,0.297800776,0.496248383,151,558,0.394771529,154,55,543,779,51,52,3,41,56,Andrew McCutchen,,200,70,R,R,6/4/2009,10/4/2015,mccua001,mccutan01
mcgehca01,9,11,820,2706,281,700,487,140,6,0.258684405,0.389135255,67,379,0.321904128,7,10,246,503,14,7,0,31,110,Casey McGehee,,220,73,R,R,9/2/2008,10/4/2015,mcgec001,mcgehca01
mckenmi01,6,6,308,838,94,200,120,48,3,0.238663484,0.406921241,29,103,0.321390938,2,6,93,234,4,8,6,6,20,Michael McKenry,,205,70,R,R,9/8/2010,8/18/2015,mckem001,mckenmi01
mercejo03,4,4,410,1295,130,333,229,75,5,0.257142857,0.378378378,24,121,0.319804059,10,6,88,238,25,11,14,10,28,Jordy Mercer,,205,75,R,R,5/29/2012,10/4/2015,mercj002,mercejo03
mesorde01,5,5,312,967,109,234,142,50,1,0.241985522,0.422957601,41,144,0.321134492,3,6,90,216,13,14,0,9,17,Devin Mesoraco,,220,73,R,R,9/3/2011,5/20/2015,mesod001,mesorde01
middlwi01,4,4,315,1085,112,251,157,49,2,0.231336406,0.399078341,43,151,0.276778063,10,4,59,298,4,9,1,10,32,Will Middlebrooks,,220,75,R,R,5/2/2012,7/21/2015,middw001,middlwi01
millebr02,3,3,343,1111,132,275,184,48,14,0.247524752,0.394239424,29,118,0.313614263,22,9,105,248,2,5,9,11,11,Brad Miller,,200,74,L,R,6/28/2013,10/4/2015,millb002,millebr02
molinya01,12,12,1464,5057,485,1429,1054,270,5,0.282578604,0.397271109,100,645,0.341100556,44,28,388,521,44,42,41,48,189,Yadier Molina,,220,71,R,R,6/3/2004,9/20/2015,moliy001,molinya01
moneljo01,2,2,35,56,7,9,7,2,0,0.160714286,0.196428571,0,5,0.229508197,0,0,4,16,0,1,0,0,5,Johnny Monell,,210,72,L,R,9/5/2013,10/4/2015,monej001,moneljo01
monteje01,5,5,226,806,73,204,144,31,1,0.253101737,0.398263027,28,104,0.299655568,0,3,48,172,6,3,0,8,22,Jesus Montero,,235,75,R,R,9/1/2011,10/3/2015,montj003,monteje01
montemi01,10,10,1019,3364,401,881,580,183,6,0.261890606,0.419738407,112,501,0.351044622,3,9,383,773,49,48,5,33,92,Miguel Montero,,210,71,L,R,9/6/2006,10/4/2015,montm001,montemi01
mooread01,7,7,87,269,19,54,37,11,0,0.200743494,0.308550186,6,21,0.246527778,2,1,12,84,2,3,1,2,4,Adam Moore,,220,75,R,R,9/17/2009,9/30/2015,moora001,mooread01
moralke01,10,11,876,3158,389,867,538,191,6,0.274540849,0.464217859,132,493,0.337059329,4,12,250,605,30,29,0,22,107,Kendrys Morales,,220,73,B,R,5/23/2006,10/4/2015,morak001,moralke01
morelbr01,6,6,220,662,72,150,110,26,1,0.226586103,0.327794562,13,59,0.274011299,12,6,40,132,1,3,10,2,15,Brent Morel,,230,74,R,R,9/7/2010,7/24/2015,moreb001,morelbr01
morneju01,14,15,1487,5496,756,1550,952,335,22,0.28202329,0.482532751,241,960,0.358659218,5,10,561,936,91,45,0,72,133,Justin Morneau,,220,76,L,R,6/10/2003,10/4/2015,mornj001,morneju01
morrilo01,6,6,608,2088,247,513,316,108,19,0.245689655,0.416187739,70,254,0.330801688,16,8,235,404,16,20,1,11,48,Logan Morrison,,240,74,L,L,7/27/2010,10/4/2015,morrl001,morrilo01
morsemi01,13,15,802,2525,295,698,448,138,8,0.276435644,0.460990099,104,352,0.334415584,6,6,175,652,7,47,0,18,82,Mike Morse,,245,77,R,R,5/31/2005,10/4/2015,morsm001,morsemi01
mossbr01,11,13,770,2358,312,574,323,126,15,0.243426633,0.449533503,110,356,0.326980568,8,11,252,699,20,29,0,17,39,Brandon Moss,,210,72,L,R,8/6/2007,10/4/2015,mossb001,mossbr01
moustmi01,5,5,661,2379,255,588,377,133,4,0.247162673,0.399747793,74,281,0.305065234,11,8,171,408,7,29,8,20,48,Mike Moustakas,,215,72,L,R,6/10/2011,10/4/2015,mousm001,moustmi01
moyast01,2,2,20,30,3,7,6,0,1,0.233333333,0.3,0,0,0.303030303,0,0,3,12,0,0,0,0,0,Steven Moya,,260,79,L,R,9/1/2014,10/4/2015,moyas001,moyast01
muncyma01,1,1,45,102,14,21,9,8,1,0.205882353,0.392156863,3,9,0.267857143,0,0,9,31,0,0,0,1,0,Max Muncy,,205,72,L,R,4/25/2015,10/4/2015,muncm001,muncyma01
munoda01,1,1,17,27,2,4,3,1,0,0.148148148,0.185185185,0,0,0.258064516,1,0,4,11,0,0,1,0,1,Daniel Muno,,195,71,B,R,4/17/2015,7/24/2015,munod001,munoda01
murphda08,7,7,903,3354,422,967,657,228,20,0.288312463,0.423673226,62,402,0.336081341,57,21,218,440,27,11,7,29,86,Daniel Murphy,,215,73,L,R,8/2/2008,10/4/2015,murpd006,murphda08
murphjr01,3,3,115,262,31,70,51,14,1,0.267175573,0.374045802,4,24,0.310954064,0,0,17,74,0,1,1,3,4,J. R. Murphy,,205,71,R,R,9/2/2013,10/4/2015,murpj001,murphjr01
murphto04,1,1,11,35,5,9,5,1,0,0.257142857,0.542857143,3,9,0.35,0,0,4,10,1,0,0,0,0,Tom Murphy,,220,73,R,R,9/12/2015,10/3/2015,murpt002,murphto04
myerswi01,3,3,235,885,127,227,149,50,1,0.256497175,0.406779661,27,117,0.333333333,16,5,94,236,9,2,0,6,22,Wil Myers,,205,75,R,R,6/18/2013,10/3/2015,myerw001,myerswi01
napolmi01,11,12,1118,3590,545,910,506,191,9,0.253481894,0.482172702,204,577,0.358901515,33,21,523,1111,26,57,2,28,88,Mike Napoli,,225,73,R,R,5/4/2006,10/3/2015,napom001,napolmi01
navada01,6,7,455,1388,192,368,254,89,1,0.265129683,0.382564841,24,172,0.359578425,9,5,160,319,5,47,7,13,29,Daniel Nava,,200,71,B,L,6/12/2010,10/4/2015,navad002,navada01
navardi01,13,14,908,2903,296,739,535,129,4,0.254564244,0.375129177,71,332,0.317331671,13,10,242,447,20,17,29,26,75,Dioner Navarro,,205,69,B,R,9/7/2004,10/3/2015,navad001,navardi01
navaref01,4,4,130,256,27,63,46,15,1,0.24609375,0.32421875,1,20,0.310714286,2,5,21,45,3,0,3,0,6,Efren Navarro,,210,72,L,L,9/2/2011,10/3/2015,navae001,navaref01
navarre01,1,1,10,29,5,8,5,2,0,0.275862069,0.448275862,1,3,0.275862069,0,0,0,3,0,0,1,0,0,Rey Navarro,,185,70,B,R,4/24/2015,5/20/2015,navar001,navarre01
negrokr01,3,3,96,241,26,53,34,12,1,0.219917012,0.352697095,6,19,0.29588015,7,0,22,65,0,4,3,0,4,Kristopher Negron,,190,72,R,R,6/7/2012,9/8/2015,negrk001,negrokr01
nieuwki01,6,9,273,617,87,143,83,40,3,0.231766613,0.38897893,17,72,0.309798271,12,6,63,218,4,5,3,5,6,Kirk Nieuwenhuis,,225,75,L,R,4/7/2012,10/3/2015,nieuk001,nieuwki01
nievewi01,13,14,427,1164,88,281,215,54,2,0.241408935,0.317010309,10,114,0.286055777,3,2,61,228,11,6,16,13,39,Wil Nieves,,190,71,R,R,7/21/2002,4/29/2015,nievw001,nievewi01
noelri01,1,1,15,2,5,1,1,0,0,0.5,0.5,0,0,0.5,5,2,0,0,0,0,0,0,0,Rico Noel,,170,68,R,R,9/2/2015,10/4/2015,noelr001,noelri02
noonani01,2,2,76,127,14,25,21,3,0,0.196850394,0.244094488,1,8,0.260869565,0,0,8,32,3,0,0,0,2,Nick Noonan,,175,73,L,R,4/3/2013,10/4/2015,noonn001,noonani01
norride01,4,4,432,1373,171,340,220,76,4,0.247632921,0.396212673,40,181,0.326848249,16,4,147,354,5,12,2,5,28,Derek Norris,,210,72,R,R,6/21/2012,10/4/2015,norrd001,norride01
nunezed02,6,6,414,1144,151,305,214,61,12,0.266608392,0.388111888,18,120,0.310064935,65,18,68,162,3,6,15,11,22,Eduardo Nunez,,195,72,R,R,8/19/2010,10/4/2015,nunee002,nunezed02
obriepe04,1,1,8,10,1,4,2,1,0,0.4,0.8,1,3,0.5,0,0,2,5,0,0,0,0,0,Peter O'Brien,,235,76,R,R,9/11/2015,10/4/2015,obrip002,obriepe01
odorro01,2,2,234,812,93,211,135,35,16,0.259852217,0.434729064,25,109,0.30952381,10,14,40,150,3,19,8,8,10,Rougned Odor,,190,71,L,R,5/8/2014,10/4/2015,odorr001,odorro01
olivehe01,1,1,24,79,4,20,13,4,1,0.253164557,0.405063291,2,11,0.310344828,0,0,5,12,0,2,0,1,2,Hector Olivera,,220,74,R,R,9/1/2015,10/4/2015,olivh001,olivehe01
oltmi01,4,5,135,352,32,59,34,9,0,0.167613636,0.329545455,16,43,0.25,1,3,37,148,0,4,0,7,6,Mike Olt,,210,74,R,R,8/2/2012,10/4/2015,olt-m001,oltmi01
omallsh01,2,2,35,58,13,14,12,1,0,0.24137931,0.310344828,1,8,0.366197183,5,0,12,22,0,0,2,1,0,Shawn O'Malley,,175,71,B,R,9/7/2014,10/3/2015,omals001,omallsh01
orlanpa01,1,1,86,241,31,60,33,14,6,0.248962656,0.443983402,7,27,0.269076305,3,3,5,53,0,2,2,1,0,Paulo Orlando,,210,74,R,R,4/9/2015,10/4/2015,orlap001,orlanpa01
ortizda01,19,19,2257,8103,1340,2303,1198,584,18,0.284215723,0.546957917,503,1641,0.390597494,15,9,1239,1664,194,36,2,85,214,David Ortiz,,230,75,L,L,9/2/1997,10/4/2015,ortid001,ortizda01
owingch01,3,3,258,880,98,214,146,47,11,0.243181818,0.355681818,10,74,0.286170213,26,5,48,221,4,3,9,5,13,Chris Owings,,190,70,R,R,9/3/2013,10/4/2015,owinc001,owingch01
ozunama01,3,3,346,1299,150,344,229,70,9,0.264819092,0.415704388,36,161,0.311874106,10,5,84,331,2,6,1,7,28,Marcell Ozuna,,225,73,R,R,4/30/2013,10/4/2015,ozunm001,ozunama01
pachejo01,6,7,346,1025,97,285,213,58,4,0.27804878,0.371707317,10,114,0.318140383,8,2,53,149,2,9,3,8,31,Jordan Pacheco,,200,73,R,R,9/6/2011,6/4/2015,pachj001,pachejo01
paganan01,10,10,995,3589,513,1006,708,196,50,0.280300919,0.406241293,52,359,0.332822869,161,47,277,572,17,4,21,31,43,Angel Pagan,,200,74,B,R,4/3/2006,10/4/2015,pagaa001,paganan01
panikjo01,2,2,173,651,90,201,151,37,4,0.30875576,0.419354839,9,55,0.363636364,3,2,54,75,0,5,4,5,11,Joe Panik,,190,73,L,R,5/22/2014,9/9/2015,panij002,panikjo01
paredji01,6,7,249,793,89,204,150,34,5,0.257250946,0.369482976,15,81,0.293001186,19,13,42,239,0,1,2,7,13,Jimmy Paredes,,200,75,B,R,8/1/2011,9/30/2015,parej002,paredji01
parkeja03,1,1,21,49,11,17,9,2,0,0.346938776,0.755102041,6,14,0.407407407,1,1,5,21,0,0,0,0,1,Jarrett Parker,,210,76,L,L,6/13/2015,10/4/2015,parkj002,parkeja03
parkeky01,2,2,64,132,11,24,16,4,1,0.181818182,0.295454545,3,12,0.217391304,1,0,6,51,0,0,0,0,2,Kyle Parker,,205,72,R,R,6/16/2014,10/4/2015,parkk001,parkeky01
parmech01,5,5,305,909,85,223,145,47,3,0.245324532,0.396039604,28,94,0.311752988,1,5,79,236,1,10,0,5,21,Chris Parmelee,,220,73,L,L,9/6/2011,7/30/2015,parmc001,parmech01
parrage01,9,11,988,3326,429,920,645,182,37,0.276608539,0.404088996,56,311,0.33388203,69,38,232,616,42,23,30,22,68,Gerardo Parra,,210,71,L,L,5/13/2009,10/4/2015,parrg001,parrage01
parrian01,5,5,131,246,19,43,30,11,0,0.174796748,0.243902439,2,14,0.299319728,2,0,33,83,8,4,2,3,5,Andy Parrino,,190,72,B,R,8/26/2011,6/17/2015,parra001,parrian01
paulsbe01,2,2,147,388,50,110,68,23,4,0.283505155,0.479381443,15,59,0.330952381,1,2,25,111,1,3,1,3,6,Ben Paulsen,,210,76,L,R,5/22/2014,10/4/2015,paulb001,paulsbe01
pearcst01,11,14,484,1375,173,340,199,83,5,0.247272727,0.430545455,53,180,0.327552987,13,4,143,315,5,22,3,12,30,Steve Pearce,,200,71,R,R,9/1/2007,10/4/2015,pears001,pearcst01
pederjo01,2,2,169,508,68,105,59,19,1,0.206692913,0.401574803,26,54,0.353035144,4,7,101,181,6,9,3,2,6,Joc Pederson,,215,73,L,L,9/1/2014,10/4/2015,pedej001,pederjo01
pedrodu01,10,10,1244,4961,769,1482,1011,339,14,0.298730095,0.444063697,118,588,0.367317685,127,39,511,530,21,36,22,52,117,Dustin Pedroia,,175,69,R,R,8/22/2006,10/4/2015,pedrd001,pedrodu01
pegueca01,6,7,103,289,29,56,30,10,3,0.193771626,0.384083045,13,37,0.270186335,3,1,24,126,3,4,0,2,1,Carlos Peguero,,260,77,L,L,4/19/2011,6/3/2015,peguc001,pegueca01
penabr01,11,11,629,1794,136,466,349,92,2,0.259754738,0.351727982,23,164,0.301916106,6,7,104,212,6,7,11,20,56,Brayan Pena,,240,69,B,R,5/23/2005,10/4/2015,penab002,penabr01
penafr01,2,2,9,7,0,1,1,0,0,0.142857143,0.142857143,0,0,0.142857143,0,0,0,3,0,0,0,0,1,Francisco Pena,,230,74,R,R,5/20/2014,10/4/2015,penaf001,penafr01
pencehu01,11,13,1270,4959,702,1406,906,260,46,0.283524904,0.471869328,194,729,0.339298893,106,49,397,995,16,20,1,28,127,Hunter Pence,,220,76,R,R,4/28/2007,8/17/2015,pench001,pencehu01
pennicl01,9,10,794,2404,282,589,430,110,19,0.245008319,0.344009983,30,211,0.315375982,80,27,232,493,8,14,38,15,33,Cliff Pennington,,195,70,B,R,8/12/2008,10/4/2015,pennc001,pennicl01
peralda01,2,2,237,791,101,238,156,38,19,0.300884956,0.491782554,25,114,0.352193995,15,7,60,167,2,5,1,8,16,David Peralta,,215,73,L,L,6/1/2014,10/1/2015,perad001,peralda01
peraljh01,14,15,1695,6256,801,1675,1099,359,23,0.267742967,0.425511509,194,844,0.333093835,17,27,582,1381,24,37,13,60,193,Jhonny Peralta,,215,74,R,R,6/12/2003,10/4/2015,peraj001,peraljh01
perazjo01,1,1,7,22,3,4,2,1,1,0.181818182,0.318181818,0,1,0.28,3,0,2,2,1,0,1,0,0,Jose Peraza,,180,72,R,R,8/10/2015,9/13/2015,peraj003,perazjo01
perezca02,1,1,86,260,20,65,48,13,0,0.25,0.346153846,4,21,0.298932384,2,0,19,49,0,0,2,2,7,Carlos Perez,,210,72,R,R,5/5/2015,10/4/2015,perec003,perezca02
perezeu01,4,4,73,142,16,36,32,4,0,0.253521127,0.281690141,0,5,0.311688312,8,1,7,29,1,4,3,0,3,Eury Perez,,190,72,R,R,9/1/2012,8/23/2015,peree003,perezeu01
perezhe01,5,6,156,336,29,79,60,15,3,0.235119048,0.306547619,1,26,0.253602305,6,1,8,75,1,0,5,2,8,Hernan Perez,,185,73,R,R,6/9/2012,10/4/2015,pereh001,perezhe01
perezju02,3,3,117,228,26,51,34,15,0,0.223684211,0.315789474,2,13,0.267489712,3,1,12,52,0,2,3,1,7,Juan Perez,,185,71,R,R,6/9/2013,9/20/2015,perej002,perezju02
perezro02,2,2,99,269,40,65,42,14,1,0.241635688,0.390334572,8,25,0.33974359,0,0,38,90,1,2,10,2,11,Roberto Perez,,225,71,R,R,7/10/2014,10/4/2015,perer003,perezro02
perezsa02,5,5,545,2042,215,569,395,102,7,0.278648384,0.430950049,65,279,0.309402501,2,0,75,277,11,13,0,18,77,Salvador Perez,,240,75,R,R,8/10/2011,10/4/2015,peres002,perezsa02
peterja01,2,2,179,581,58,132,98,23,5,0.227194492,0.314974182,6,52,0.305683564,14,10,58,138,5,4,9,3,6,Jace Peterson,,210,72,L,R,4/25/2014,10/4/2015,petej002,peterja01
petersh01,2,2,95,208,23,53,41,7,3,0.254807692,0.346153846,2,17,0.324675325,0,1,21,58,1,0,3,1,3,Shane Peterson,,210,72,L,L,4/16/2013,10/4/2015,petes002,petersh01
petitgr01,4,4,82,193,27,49,33,14,0,0.25388601,0.357512953,2,15,0.285714286,0,1,6,56,1,2,1,1,3,Gregorio Petit,,195,70,R,R,5/18/2008,7/8/2015,petig001,petitgr01
phamth01,2,2,58,155,28,41,24,7,5,0.264516129,0.470967742,5,18,0.346590909,2,0,19,43,1,0,0,1,1,Tommy Pham,,175,73,R,R,9/9/2014,10/4/2015,phamt001,phamth01
phegljo01,3,3,149,466,45,106,64,25,1,0.227467811,0.388412017,16,63,0.260162602,2,0,19,103,0,3,2,4,11,Josh Phegley,,225,70,R,R,7/5/2013,9/17/2015,phegj001,phegljo01
phillbr01,14,14,1608,6233,846,1703,1184,300,33,0.273223167,0.421466389,186,825,0.322847438,184,68,377,944,30,76,35,55,185,Brandon Phillips,,210,72,R,R,9/13/2002,10/4/2015,philb001,phillbr01
pierzaj01,19,20,1978,7043,792,1989,1387,392,24,0.282408065,0.424109044,186,886,0.327143422,14,23,302,866,67,126,28,55,228,A. J. Pierzynski,,235,75,L,R,9/9/1998,10/2/2015,piera001,pierza.01
pillake01,3,3,248,804,106,215,152,44,2,0.267412935,0.390547264,17,76,0.304093567,26,7,36,142,1,8,6,6,12,Kevin Pillar,,205,72,R,R,8/14/2013,10/4/2015,pillk001,pillake01
pireljo01,2,2,44,98,13,25,18,4,2,0.255102041,0.367346939,1,8,0.274509804,1,0,3,20,0,0,1,1,5,Jose Pirela,,215,71,R,R,9/22/2014,10/4/2015,pirej001,pireljo01
piscost01,1,1,63,233,29,71,45,15,4,0.30472103,0.493562232,7,39,0.364341085,2,1,20,56,2,1,0,2,7,Stephen Piscotty,,210,75,R,R,7/21/2015,10/4/2015,piscs001,piscost01
plaweke01,1,1,73,233,18,51,39,9,0,0.21888412,0.296137339,3,21,0.291187739,0,0,17,60,4,4,1,3,4,Kevin Plawecki,,225,74,R,R,4/21/2015,10/3/2015,plawk001,plaweke01
plouftr01,6,6,639,2319,297,568,340,135,9,0.244933161,0.419577404,84,310,0.309133489,10,9,199,522,3,22,6,19,66,Trevor Plouffe,,215,74,R,R,5/21/2010,10/3/2015,plout001,plouftr01
polangr01,2,2,242,870,133,217,151,44,6,0.249425287,0.368965517,16,85,0.320579111,41,15,85,180,7,1,3,4,6,Gregory Polanco,,230,77,L,L,6/10/2014,10/4/2015,polag001,polangr01
polanjo01,2,2,9,16,3,5,3,1,1,0.3125,0.5,0,4,0.45,1,0,4,3,0,0,0,0,0,Jorge Polanco,,200,71,B,R,6/26/2014,7/31/2015,polaj001,polanjo01
polloaj01,4,4,400,1398,224,411,266,90,18,0.293991416,0.463519313,37,146,0.347911227,66,15,114,228,2,6,5,12,30,A. J. Pollock,,195,73,R,R,4/18/2012,10/4/2015,polla001,polloaj01
pompeda01,2,2,51,133,22,30,16,9,2,0.22556391,0.390977444,3,10,0.294520548,6,1,11,35,0,2,0,0,1,Dalton Pompey,,195,74,B,R,9/2/2014,10/4/2015,pompd001,pompeda01
poseybu01,7,7,753,2739,361,850,585,157,6,0.310332238,0.483753195,102,447,0.38254172,8,5,280,376,38,24,0,35,83,Buster Posey,,215,73,R,R,9/11/2009,10/4/2015,poseb001,poseybu01
pradoma01,11,12,1110,4191,539,1219,856,252,24,0.29086137,0.424719637,87,489,0.341202186,37,25,307,509,12,23,24,42,128,Martin Prado,,190,73,R,R,4/23/2006,10/3/2015,pradm001,pradoma01
preslal01,7,8,329,1035,115,268,191,38,16,0.258937198,0.393236715,23,80,0.299363057,25,16,55,208,1,5,7,3,12,Alex Presley,,195,70,L,L,9/8/2010,7/17/2015,presa001,preslal01
pridija01,7,7,133,245,33,53,33,12,3,0.216326531,0.351020408,5,24,0.295620438,7,1,26,73,2,0,4,1,2,Jason Pridie,,205,73,L,R,9/3/2008,9/29/2015,pridj001,pridija01
puigya01,3,3,331,1222,188,359,229,70,14,0.293780687,0.48690671,46,149,0.375988497,25,18,129,287,10,25,2,5,14,Yasiel Puig,,255,74,R,R,6/3/2013,10/4/2015,puigy001,puigya01
pujolal01,15,15,2274,8545,1599,2666,1507,583,16,0.311995319,0.580573435,560,1698,0.41433755,103,41,1165,978,296,98,1,93,312,Albert Pujols,,230,75,R,R,4/2/2001,10/4/2015,pujoa001,pujolal01
ramirar01,20,22,2194,8136,1098,2303,1398,495,24,0.28306293,0.492133727,386,1417,0.345205176,29,18,633,1238,58,127,3,87,233,Aramis Ramirez,,205,73,R,R,5/26/1998,10/3/2015,ramia001,ramirar01
ramirha01,12,13,1328,5078,881,1503,947,315,31,0.29598267,0.49428909,210,707,0.372279297,267,86,527,946,52,56,11,30,94,Hanley Ramirez,,225,74,R,R,9/20/2005,8/26/2015,ramih003,ramirha01
ramirjo01,3,3,180,564,82,135,97,24,6,0.239361702,0.345744681,8,44,0.29821718,20,6,47,76,0,2,18,4,8,Jose Ramirez,,180,69,B,R,9/1/2013,10/4/2015,ramij003,ramirjo01
ramoswi01,7,8,454,1654,166,426,296,68,1,0.257557437,0.410519952,61,241,0.306361607,0,3,105,307,15,3,4,15,67,Wilson Ramos,,230,72,R,R,5/2/2010,10/3/2015,ramow001,ramoswi01
rasmuco01,8,9,930,3169,476,775,449,165,20,0.244556642,0.442726412,141,413,0.31757713,30,16,309,921,21,17,12,17,38,Colby Rasmus,,195,74,L,L,4/7/2009,10/4/2015,rasmc001,rasmuco01
realmjt01,2,2,137,470,53,121,81,22,8,0.257446809,0.40212766,10,56,0.291164659,8,4,20,78,2,2,1,4,13,J. T. Realmuto,,205,73,R,R,6/5/2014,10/3/2015,realj001,realmjt01
reddijo01,7,7,671,2260,310,567,345,114,22,0.250884956,0.434955752,86,309,0.314251401,33,8,200,447,11,7,3,20,31,Josh Reddick,,180,74,L,R,7/31/2009,10/4/2015,reddj001,reddijo01
reedmi02,1,1,7,6,2,2,1,1,0,0.333333333,0.5,0,0,0.333333333,0,0,0,3,0,0,0,0,0,Michael Reed,,190,72,R,R,9/26/2015,10/4/2015,reedm001,reedmi02
refsnro01,1,1,16,43,3,13,8,3,0,0.302325581,0.511627907,2,5,0.361702128,2,0,3,7,1,0,0,0,3,Rob Refsnyder,,195,72,R,R,7/11/2015,10/3/2015,refsr001,refsnro01
reimono01,8,9,376,1175,154,294,186,52,6,0.250212766,0.432340426,50,159,0.329588015,17,5,128,294,6,12,0,14,27,Nolan Reimold,,205,76,R,R,5/14/2009,10/4/2015,reimn001,reimono01
rendoan01,3,3,331,1275,194,351,233,78,7,0.275294118,0.425098039,33,143,0.34542917,19,6,125,243,5,14,4,14,26,Anthony Rendon,,210,73,R,R,4/21/2013,10/4/2015,renda001,rendoan01
reverbe01,7,8,645,2497,319,736,638,66,28,0.294753704,0.348418102,4,154,0.329161926,176,42,118,249,3,11,26,8,42,Ben Revere,,170,69,L,R,9/7/2010,10/4/2015,reveb001,reverbe01
reyesjo01,14,15,1562,6568,1030,1904,1332,337,117,0.289890378,0.430724726,118,621,0.343671417,479,117,494,747,53,9,44,34,71,Jose Reyes,,195,72,B,R,6/10/2003,10/4/2015,reyej001,reyesjo01
reynoma01,10,11,1258,4178,612,959,517,192,13,0.229535663,0.451890857,237,661,0.326919098,59,28,550,1519,24,47,3,34,88,Mark Reynolds,,220,74,R,R,5/16/2007,10/4/2015,reynm001,reynoma01
riosal01,14,16,1691,6419,885,1778,1172,374,63,0.276990185,0.433868204,169,794,0.323355879,253,77,400,1117,24,45,2,61,193,Alex Rios,,210,77,R,R,5/27/2004,10/4/2015,riosa002,riosal01
riverre01,7,7,334,913,67,193,126,45,2,0.211391019,0.330777656,20,92,0.261178862,1,0,52,251,4,8,12,7,15,Rene Rivera,,215,70,R,R,9/22/2004,10/3/2015,river003,riverre01
riverya01,1,1,7,14,0,1,1,0,0,0.071428571,0.071428571,0,0,0.071428571,0,0,0,4,0,0,1,0,0,Yadiel Rivera,,180,75,R,R,9/22/2015,10/2/2015,rivey001,riverya01
rizzoan01,5,5,596,2181,307,568,330,129,7,0.260430995,0.466299862,102,316,0.362710537,33,18,275,456,25,58,0,14,38,Anthony Rizzo,,240,75,L,L,6/9/2011,10/4/2015,rizza001,rizzoan01
roberda09,2,2,107,252,33,69,57,11,1,0.273809524,0.325396825,0,28,0.326007326,6,4,19,35,1,0,5,1,4,Dan Robertson,,205,68,R,R,4/29/2014,9/30/2015,robed003,roberda09
rodrial01,21,21,2719,10341,2002,3070,1811,541,31,0.296876511,0.554491829,687,2055,0.387380656,326,76,1324,2220,97,175,16,108,257,Alex Rodriguez,,225,75,R,R,7/8/1994,10/4/2015,rodra001,rodrial01
rodrise01,8,8,763,1865,232,425,268,96,12,0.227882038,0.371045576,49,203,0.296708616,37,17,135,509,4,49,31,13,45,Sean Rodriguez,,200,72,R,R,4/19/2008,10/4/2015,rodrs002,rodrise01
rogerja02,2,2,94,161,22,46,33,7,2,0.285714286,0.428571429,4,16,0.357541899,0,0,16,35,0,2,0,0,2,Jason Rogers,,255,73,R,R,9/2/2014,10/3/2015,rogej002,rogerja02
rojasmi02,2,2,145,291,29,67,54,10,1,0.23024055,0.29209622,2,26,0.289308176,0,1,21,44,2,2,3,2,9,Miguel Rojas,,150,72,R,R,6/6/2014,10/4/2015,rojam002,rojasmi02
rolliji01,16,16,2234,9145,1396,2422,1576,503,114,0.264844177,0.419901586,229,928,0.328143594,465,103,797,1231,52,38,42,52,134,Jimmy Rollins,,175,67,B,R,9/17/2000,10/3/2015,rollj001,rolliji01
romakja01,2,2,27,36,4,6,3,3,0,0.166666667,0.25,0,4,0.230769231,0,0,3,14,0,0,0,0,1,Jamie Romak,,226,75,R,R,5/28/2014,10/2/2015,romaj003,romakja01
romerst01,2,2,85,198,25,38,25,7,2,0.191919192,0.308080808,4,14,0.240566038,0,4,7,54,0,6,2,1,5,Stefen Romero,,220,74,R,R,4/1/2014,9/23/2015,romes001,romerst01
rominau01,4,4,77,169,19,34,23,10,0,0.201183432,0.278106509,1,11,0.244444444,1,0,9,46,0,1,3,1,7,Austin Romine,,215,72,R,R,9/11/2011,10/3/2015,romia002,rominau01
rosared01,1,1,122,453,60,121,75,18,15,0.267108168,0.459161148,13,50,0.293248945,11,6,15,118,3,0,3,3,5,Eddie Rosario,,180,73,L,R,5/6/2015,10/3/2015,rosae001,rosared01
rosarwi01,5,5,447,1512,204,413,256,83,3,0.273148148,0.472883598,71,241,0.309509012,11,7,73,354,9,3,1,12,43,Wilin Rosario,,220,71,R,R,9/6/2011,10/4/2015,rosaw001,rosarwi01
ruary01,2,2,56,188,21,47,29,12,0,0.25,0.409574468,6,21,0.276923077,1,0,5,50,0,2,0,0,8,Ryan Rua,,205,74,R,R,8/29/2014,9/20/2015,rua-r001,ruary01
rufda01,4,4,243,654,83,160,94,33,1,0.244648318,0.444954128,32,87,0.324832215,1,0,64,204,2,16,1,9,14,Darin Ruf,,250,75,R,R,9/14/2012,10/4/2015,ruf-d001,rufda01
ruggiju01,8,9,455,1256,158,322,199,70,4,0.256369427,0.435509554,49,152,0.321299639,39,23,111,367,1,11,4,6,22,Justin Ruggiano,,210,73,R,R,9/19/2007,10/4/2015,ruggj001,ruggiju01
ruizca01,10,10,1021,3213,370,855,576,207,7,0.266106443,0.395580454,65,389,0.361513688,21,9,362,428,61,69,26,21,98,Carlos Ruiz,,205,70,R,R,5/6/2006,10/3/2015,ruizc001,ruizca01
ruppca01,3,3,103,343,29,78,54,14,1,0.227405248,0.352769679,9,36,0.30104712,0,1,29,95,5,3,0,2,13,Cameron Rupp,,260,74,R,R,9/10/2013,10/4/2015,ruppc001,ruppca01
russead02,1,1,142,475,60,115,72,29,1,0.242105263,0.389473684,13,54,0.309160305,4,3,42,149,2,3,1,2,8,Addison Russell,,200,72,R,R,4/21/2015,10/4/2015,russa002,russead02
rutlejo01,4,4,305,945,137,247,171,43,13,0.261375661,0.397883598,20,99,0.311523438,21,3,56,225,2,14,10,7,16,Josh Rutledge,,190,73,R,R,7/13/2012,10/4/2015,rutlj001,rutlejo01
saladty01,1,1,68,236,33,53,39,6,4,0.224576271,0.334745763,4,20,0.266932271,8,2,12,51,0,2,3,1,9,Tyler Saladino,,200,72,R,R,7/10/2015,10/4/2015,salat001,saladty01
saltaja01,12,15,788,2574,346,619,360,156,5,0.24048174,0.419191919,98,343,0.313718663,5,7,261,860,11,10,4,16,47,Jarrod Saltalamacchia,,235,76,B,R,5/2/2007,10/4/2015,saltj001,saltaja01
sanchca01,2,2,148,489,46,112,78,28,1,0.229038855,0.321063395,5,36,0.268339768,3,3,22,106,0,5,6,2,10,Carlos Sanchez,,195,71,B,R,7/13/2014,10/4/2015,sancc001,sanchca01
sanchga02,1,1,2,2,0,0,0,0,0,0,0,0,0,0,0,0,0,1,0,0,0,0,0,Gary Sanchez,,230,74,R,R,10/3/2015,10/4/2015,sancg002,sanchga02
sanchhe01,5,5,244,597,43,143,100,33,0,0.239530988,0.345058626,10,87,0.274725275,0,1,25,156,1,6,1,8,13,Hector Sanchez,,235,72,B,R,7/15/2011,9/5/2015,sanch002,sanchhe01
sanchto01,3,3,51,143,14,37,28,5,0,0.258741259,0.377622378,4,18,0.303225806,0,0,7,45,0,3,0,2,2,Tony Sanchez,,220,71,R,R,6/23/2013,4/12/2015,sanct001,sanchto01
sandopa01,8,8,995,3685,441,1061,708,217,20,0.287924016,0.452103121,116,509,0.347443112,11,12,284,537,51,24,2,43,116,Pablo Sandoval,,255,71,L,R,8/14/2008,9/20/2015,sandp001,sandopa01
sandsje01,4,4,132,365,34,87,55,22,1,0.238356164,0.378082192,9,50,0.306930693,3,3,35,102,0,2,2,2,7,Jerry Sands,,225,76,R,R,4/18/2011,10/3/2015,sandj002,sandsje01
sanomi01,1,1,80,279,46,75,39,17,1,0.268817204,0.53046595,18,52,0.386904762,1,1,53,119,1,1,0,2,4,Miguel Sano,,260,76,R,R,7/2/2015,10/4/2015,sanom001,sanomi01
santaca01,6,6,804,2841,394,696,404,168,7,0.244984161,0.432594157,117,421,0.37091645,30,14,539,619,32,16,0,31,79,Carlos Santana,,210,71,B,R,6/11/2010,10/4/2015,santc002,santaca01
santada01,2,2,192,666,100,185,129,37,12,0.277777778,0.400900901,7,61,0.310443491,28,8,25,166,1,6,9,1,10,Danny Santana,,185,71,B,R,5/5/2014,10/4/2015,santd001,santada01
santado01,3,4,58,177,21,38,23,7,0,0.214689266,0.389830508,8,26,0.312195122,4,1,21,77,0,5,0,2,2,Domingo Santana,,225,77,R,R,7/1/2014,10/4/2015,santd002,santado01
sardilu01,2,2,79,212,20,49,42,6,1,0.231132075,0.268867925,0,12,0.27753304,5,1,11,46,1,2,4,1,8,Luis Sardinas,,150,73,B,R,4/20/2014,10/4/2015,sardl001,sardilu01
saundmi01,7,7,562,1747,228,402,255,82,14,0.230108758,0.380652547,51,185,0.303232427,54,20,181,499,6,2,12,13,18,Michael Saunders,,225,76,L,R,7/25/2009,5/9/2015,saunm001,saundmi01
schafjo02,8,10,463,1292,171,295,226,48,9,0.228328173,0.307275542,12,85,0.312242091,103,30,145,383,9,5,25,3,11,Jordan Schafer,,205,73,L,L,4/5/2009,5/10/2015,schaj002,schafjo02
schaflo01,5,5,292,562,63,119,76,31,7,0.211743772,0.318505338,5,52,0.290937997,10,3,54,120,4,6,21,3,8,Logan Schafer,,190,73,L,L,9/2/2011,10/2/2015,schal001,schaflo01
schebsc01,1,1,19,36,6,9,6,0,0,0.25,0.5,3,4,0.341463415,2,1,3,13,1,1,0,0,0,Scott Schebler,,225,72,L,R,6/5/2015,10/4/2015,sches001,schebsc01
schoojo01,3,3,228,774,87,184,117,35,0,0.237726098,0.406976744,32,85,0.270036991,4,0,23,203,0,12,6,2,23,Jonathan Schoop,,225,73,R,R,9/25/2013,10/1/2015,schoj001,schoojo01
schwaky01,1,1,69,232,52,57,34,6,1,0.245689655,0.487068966,16,43,0.357664234,3,3,36,77,1,4,0,1,4,Kyle Schwarber,,235,72,L,R,6/16/2015,10/3/2015,schwk001,schwaky01
scrugxa01,2,2,26,57,5,14,11,3,0,0.245614035,0.298245614,0,9,0.295081967,1,0,2,17,0,2,0,0,2,Xavier Scruggs,,220,73,R,R,9/4/2014,7/10/2015,scrux001,scrugxa01
seageco01,1,1,27,98,17,33,20,8,1,0.336734694,0.56122449,4,17,0.429824561,2,0,14,19,1,1,0,0,2,Corey Seager,,215,76,L,R,9/3/2015,10/4/2015,seagc001,seageco01
seageky01,5,5,688,2604,319,685,438,144,7,0.263056836,0.434331797,96,338,0.330452817,38,20,233,484,11,27,5,18,50,Kyle Seager,,210,72,L,R,7/7/2011,10/4/2015,seagk001,seageky01
segurje01,5,6,479,1812,211,482,381,54,24,0.266004415,0.360375276,23,144,0.305454545,96,29,79,270,11,16,16,7,45,Jean Segura,,205,70,R,R,7/24/2012,10/4/2015,seguj002,segurje01
semiema01,3,3,240,856,102,215,146,37,9,0.251168224,0.396028037,23,80,0.304864865,16,7,64,224,1,2,3,2,23,Marcus Semien,,195,73,R,R,9/4/2013,10/4/2015,semim001,semiema01
severpe01,1,1,2,4,1,1,0,1,0,0.25,0.5,0,0,0.25,0,0,0,1,0,0,0,0,0,Pedro Severino,,200,74,R,R,9/20/2015,10/4/2015,sevep001,severpe01
shaffri01,1,1,31,74,11,14,7,3,0,0.189189189,0.391891892,4,6,0.306818182,0,1,10,32,0,3,0,1,2,Richie Shaffer,,220,75,R,R,8/3/2015,10/4/2015,shafr001,shaffri01
shawtr01,1,1,65,226,31,61,38,10,0,0.269911504,0.486725664,13,36,0.329317269,0,1,18,57,1,2,0,2,1,Travis Shaw,,225,76,L,R,5/8/2015,10/4/2015,shawt001,shawtr01
shuckja01,5,6,283,771,96,204,163,31,6,0.26459144,0.335927367,4,66,0.31510107,19,9,57,89,2,2,10,9,16,J. B. Shuck,,195,71,L,L,8/5/2011,10/4/2015,shucj001,shuckja01
simmoan01,4,4,499,1847,197,472,351,76,14,0.25554954,0.362208988,31,168,0.308037943,16,13,123,184,12,10,8,11,65,Andrelton Simmons,,195,74,R,R,6/2/2012,10/4/2015,simma001,simmoan01
singljo02,2,2,114,357,48,61,32,15,0,0.170868347,0.330532213,14,50,0.29216152,3,3,60,151,1,1,0,2,4,Jon Singleton,,225,74,L,L,6/3/2014,10/2/2015,singj001,singljo02
sizemgr01,12,14,1101,4147,660,1098,649,252,47,0.264769713,0.456715698,150,518,0.354105263,143,47,483,952,34,67,8,19,49,Grady Sizemore,,205,74,L,L,7/21/2004,10/3/2015,sizeg001,sizemgr01
smithse01,9,9,1001,2874,413,755,437,190,31,0.26270007,0.451635351,97,363,0.350106093,20,7,347,629,29,24,2,25,57,Seth Smith,,210,75,L,L,9/16/2007,10/4/2015,smits002,smithse01
smoakju01,7,8,698,2256,252,506,313,100,1,0.22429078,0.391843972,92,293,0.310520141,2,1,267,578,11,10,0,13,60,Justin Smoak,,230,76,B,L,4/23/2010,10/4/2015,smoaj001,smoakju01
smolija01,3,4,100,252,36,62,39,12,2,0.246031746,0.416666667,9,38,0.316901408,1,1,22,63,0,6,0,4,4,Jake Smolinski,,205,71,R,R,7/7/2014,10/4/2015,smolj002,smolija01
sogarer01,6,6,435,1210,138,289,222,52,7,0.238842975,0.31322314,8,105,0.296969697,29,11,92,169,3,8,14,7,22,Eric Sogard,,190,70,L,R,9/14/2010,10/2/2015,sogae001,sogarer01
solando01,4,4,361,1046,94,269,217,38,6,0.257170172,0.32791587,8,97,0.308978873,11,3,64,194,4,14,13,8,25,Donovan Solano,,205,69,R,R,5/21/2012,10/4/2015,solad001,solando01
solanjh01,3,3,43,103,9,19,11,6,0,0.184466019,0.300970874,2,10,0.229357798,1,1,5,13,1,0,0,0,4,Jhonatan Solano,,212,69,R,R,5/29/2012,5/31/2015,solaj002,solanjh01
solarya01,3,4,283,995,119,264,183,52,5,0.265326633,0.4,24,111,0.328493648,1,1,87,114,1,10,5,9,28,Yangervis Solarte,,195,71,B,R,4/2/2014,10/4/2015,solay001,solarya01
solerjo01,2,2,125,455,50,122,79,26,2,0.268131868,0.432967033,15,67,0.33201581,4,1,38,145,5,3,0,5,12,Jorge Soler,,215,76,R,R,8/27/2014,10/3/2015,solej001,solerjo01
sotoge01,13,15,758,2402,292,590,344,141,4,0.245628643,0.433805162,101,343,0.335511983,3,5,301,642,17,16,5,18,70,Geovany Soto,,235,73,R,R,9/23/2005,9/29/2015,sotog001,sotoge01
souzast01,2,2,131,396,61,87,53,15,1,0.21969697,0.398989899,18,42,0.312638581,12,6,49,151,0,5,1,1,8,Steven Souza,,225,76,R,R,4/13/2014,10/4/2015,souzs001,souzast01
spande01,8,8,950,3820,567,1097,816,189,55,0.287172775,0.394502618,37,336,0.353468617,152,41,371,489,7,23,45,17,57,Denard Span,,210,72,L,L,4/6/2008,8/26/2015,spand001,spande01
spangco01,2,2,128,365,45,100,69,19,6,0.273972603,0.408219178,6,30,0.331670823,13,6,30,89,1,2,9,3,5,Cory Spangenberg,,195,72,L,R,9/1/2014,10/3/2015,spanc001,spangco01
springe01,2,2,180,683,104,175,109,27,3,0.256222548,0.462664714,36,92,0.357142857,21,6,89,223,4,17,2,5,8,George Springer,,215,75,R,R,4/16/2014,10/4/2015,sprig001,springe01
stanlco01,1,1,9,10,2,4,3,1,0,0.4,0.5,0,3,0.4,0,0,0,3,0,0,0,0,0,Cody Stanley,,190,70,L,R,4/26/2015,9/10/2015,stanc002,stanlco01
stantmi03,6,6,708,2567,397,693,353,150,9,0.26996494,0.546941956,181,466,0.373589914,34,12,352,837,56,25,0,14,54,Giancarlo Stanton,,240,78,R,R,6/8/2010,6/26/2015,stanm004,stantmi03
stassma01,3,3,21,42,6,15,12,2,0,0.357142857,0.476190476,1,7,0.386363636,0,0,1,13,0,1,1,0,2,Max Stassi,,200,70,R,R,8/20/2013,10/2/2015,stasm001,stassma01
stewach01,9,9,364,940,85,224,179,37,0,0.238297872,0.303191489,8,76,0.306883365,6,1,77,153,6,14,20,9,18,Chris Stewart,,210,76,R,R,9/6/2006,9/30/2015,stewc001,stewach01
straury01,1,1,31,45,9,9,8,0,0,0.2,0.266666667,1,3,0.24,2,1,3,11,0,0,1,2,1,Ryan Strausborger,,185,72,R,R,8/5/2015,10/4/2015,strar001,straury01
stubbdr01,8,9,842,2732,431,667,452,106,20,0.244143485,0.395314788,89,276,0.314540059,152,33,263,925,6,18,22,14,19,Drew Stubbs,,205,76,R,R,8/19/2009,10/4/2015,stubd001,stubbdr01
suareeu01,2,2,182,616,75,163,115,28,3,0.26461039,0.402597403,17,71,0.316341829,7,3,39,161,1,8,9,3,10,Eugenio Suarez,,180,71,R,R,6/4/2014,10/4/2015,suare001,suareeu01
susacan01,2,2,87,221,27,53,30,15,2,0.239819005,0.407239819,6,33,0.308641975,0,0,21,71,0,1,0,0,2,Andrew Susac,,215,73,R,R,5/22/2014,9/3/2015,susaa001,susacan01
suzukku01,11,13,1102,3846,398,982,699,203,5,0.255330213,0.369214769,75,470,0.315120113,19,10,272,493,19,65,22,44,104,Kurt Suzuki,,205,71,R,R,6/12/2007,10/3/2015,suzuk001,suzukku01
sweenda02,1,1,37,85,9,15,7,4,1,0.176470588,0.352941176,3,11,0.285714286,0,2,13,27,0,0,0,0,1,Darnell Sweeney,,195,73,B,R,8/20/2015,10/4/2015,sweed001,sweenda02
swihabl01,1,1,84,288,47,79,56,17,1,0.274305556,0.392361111,5,31,0.319218241,4,2,18,77,0,1,2,0,8,Blake Swihart,,205,73,B,R,5/2/2015,10/4/2015,swihb001,swihabl01
szczuma01,2,2,80,134,11,30,20,7,0,0.223880597,0.343283582,3,13,0.275862069,2,0,10,26,0,0,1,1,2,Matt Szczur,,200,72,R,R,8/17/2014,10/3/2015,szczm001,szczuma01
tabatjo01,6,6,509,1592,208,438,325,81,15,0.275125628,0.376884422,17,126,0.336384439,47,30,129,254,1,20,18,6,43,Jose Tabata,,210,71,R,R,6/9/2010,6/25/2015,tabaj002,tabatjo01
tartatr01,1,1,3,2,0,1,1,0,0,0.5,0.5,0,0,0.5,0,0,0,0,0,0,0,0,0,Travis Tartamella,,205,72,R,R,9/23/2015,10/2/2015,tartt001,tartatr01
tayloch03,2,2,84,230,25,55,43,11,1,0.239130435,0.295652174,0,10,0.296,8,4,17,70,0,2,3,1,3,Chris Taylor,,195,73,R,R,7/24/2014,7/30/2015,taylc001,tayloch03
taylomi02,2,2,155,511,54,116,81,18,2,0.227005871,0.358121331,15,68,0.293594306,16,5,38,175,9,2,1,2,6,Michael Taylor,,210,75,R,R,8/12/2014,10/4/2015,taylm002,taylomi02
teagata01,8,8,180,510,57,103,56,26,0,0.201960784,0.376470588,21,70,0.26039783,0,1,37,194,0,4,10,2,9,Taylor Teagarden,,210,72,R,R,7/18/2008,7/26/2015,teagt001,teagata01
teixema01,15,17,1746,6549,1056,1783,979,392,18,0.272255306,0.518094366,394,1254,0.371436011,24,7,871,1336,90,109,0,62,151,Mark Teixeira,,225,75,B,R,4/1/2003,8/26/2015,teixm001,teixema01
tejadru01,6,6,580,1931,198,493,383,99,1,0.255308131,0.323148628,10,148,0.336384439,16,11,187,328,22,33,22,12,34,Ruben Tejada,,200,71,R,R,4/7/2010,10/4/2015,tejar001,tejadru01
telisto01,3,4,41,106,9,23,21,2,0,0.216981132,0.235849057,0,10,0.258928571,0,0,2,14,1,3,1,0,4,Tomas Telis,,215,68,B,R,8/25/2014,10/4/2015,telit001,telisto01
terdojo01,3,3,92,145,17,32,20,10,1,0.220689655,0.324137931,1,10,0.304878049,1,0,15,41,2,1,0,1,3,Joey Terdoslavich,,200,74,B,R,7/4/2013,8/18/2015,terdj001,terdojo01
tholejo01,7,7,428,1218,92,303,242,50,3,0.248768473,0.314449918,8,104,0.325768668,2,5,122,186,13,7,10,6,38,Josh Thole,,205,73,L,R,9/3/2009,10/4/2015,tholj001,tholejo01
thomptr01,1,1,44,122,17,36,20,8,3,0.295081967,0.532786885,5,16,0.362962963,1,0,13,26,0,0,0,0,3,Trayce Thompson,,210,75,R,R,8/4/2015,10/4/2015,thomt002,thomptr01
tomasya01,1,1,118,406,40,111,80,19,3,0.273399015,0.401477833,9,48,0.305164319,5,2,17,110,0,2,0,1,16,Yasmany Tomas,,255,74,R,R,4/15/2015,10/2/2015,tomay001,tomasya01
tomlike01,1,1,54,178,23,54,43,6,3,0.303370787,0.404494382,2,20,0.357512953,5,4,14,40,0,1,0,0,3,Kelby Tomlinson,,180,75,R,R,8/3/2015,10/4/2015,tomlk001,tomlike01
torrero01,1,1,8,6,1,2,1,1,0,0.333333333,0.5,0,1,0.428571429,0,0,1,1,0,0,1,0,0,Ronald Torreyes,,150,70,R,R,9/13/2015,10/4/2015,torrr001,torrero01
travide01,1,1,62,217,38,66,40,18,0,0.304147465,0.497695853,8,35,0.361344538,3,1,18,43,0,2,0,1,4,Devon Travis,,190,69,R,R,4/6/2015,7/28/2015,travd001,travide01
troutmi01,5,5,652,2448,477,744,430,143,32,0.303921569,0.558823529,139,397,0.403984885,113,21,361,647,34,37,0,31,34,Mike Trout,,235,74,R,R,7/8/2011,10/4/2015,troum001,troutmi01
trumbma01,7,8,690,2554,317,639,380,118,10,0.250195771,0.458104933,131,409,0.305145736,20,14,180,686,19,10,0,16,67,Mark Trumbo,,225,76,R,R,9/11/2010,10/4/2015,trumm001,trumbma01
tuckepr01,1,1,98,300,35,73,41,19,0,0.243333333,0.436666667,13,33,0.297213622,0,2,20,68,0,3,0,0,3,Preston Tucker,,215,72,L,L,5/7/2015,10/4/2015,tuckp001,tuckepr01
tulowtr01,11,12,1089,4060,691,1204,755,232,24,0.296551724,0.508128079,193,674,0.375485542,56,31,449,755,46,41,10,38,121,Troy Tulowitzki,,215,75,R,R,8/30/2006,10/4/2015,tulot001,tulowtr01
turneju01,8,9,553,1514,185,430,291,104,4,0.284015852,0.419418758,31,192,0.352488152,19,7,128,252,5,32,4,9,41,Justin Turner,,205,71,R,R,9/8/2009,10/3/2015,turnj001,turneju01
turnetr01,1,1,27,40,5,9,7,1,0,0.225,0.325,1,1,0.295454545,2,2,4,12,0,0,0,0,0,Trea Turner,,175,73,R,R,8/21/2015,10/4/2015,turnt001,turnetr01
ugglada01,11,12,1346,4759,759,1149,658,238,18,0.241437277,0.447152763,235,706,0.338285921,26,21,626,1341,22,70,12,42,74,Dan Uggla,,210,71,R,R,4/3/2006,10/3/2015,uggld001,ugglada01
uptonbj01,11,11,1320,4683,659,1143,723,247,29,0.244074311,0.401452061,144,525,0.327064134,273,84,552,1406,22,22,21,38,92,Melvin Upton,,185,75,R,R,8/2/2004,10/4/2015,uptob001,uptonbj01
uptonju01,9,9,1184,4329,694,1175,716,234,35,0.271425271,0.473319473,190,616,0.357272179,115,44,509,1185,42,50,3,41,83,Justin Upton,,205,74,R,R,8/2/2007,9/30/2015,uptoj001,uptonju01
uribeju01,17,20,1753,5923,705,1519,970,314,43,0.256457876,0.421239237,192,791,0.305282842,48,39,373,1175,24,43,63,54,148,Juan Uribe,,245,72,R,R,4/8/2001,9/25/2015,uribj002,uribeju01
urruthe01,2,2,34,92,8,25,22,1,1,0.27173913,0.336956522,1,8,0.287234043,0,0,2,14,0,0,0,0,3,Henry Urrutia,,200,77,L,R,7/20/2013,8/25/2015,urruh001,urruthe01
urshegi01,1,1,81,267,25,60,45,8,1,0.224719101,0.329588015,6,21,0.278745645,0,1,18,58,0,2,1,0,9,Giovanny Urshela,,215,72,R,R,6/9/2015,10/4/2015,urshg001,urshegi01
utleych01,14,15,1585,5872,963,1648,1007,355,50,0.280653951,0.478712534,236,925,0.370027888,143,18,635,987,59,179,4,68,87,Chase Utley,,190,73,L,R,4/4/2003,10/4/2015,utlec001,utleych01
valbulu01,8,8,708,2243,274,512,306,128,8,0.228265716,0.386090058,70,229,0.315127701,7,13,263,501,11,16,6,12,44,Luis Valbuena,,200,70,L,R,9/2/2008,10/4/2015,valbl001,valbulu01
valdejo02,4,4,214,426,52,92,60,14,3,0.215962441,0.368544601,15,52,0.270742358,15,6,27,89,0,5,9,0,4,Jordany Valdespin,,190,72,L,R,4/23/2012,7/10/2015,valdj002,valdejo02
valenda01,9,12,526,1787,206,478,311,105,7,0.267487409,0.426412983,55,252,0.311364816,7,12,114,361,5,3,1,18,58,Danny Valencia,,220,74,R,R,6/3/2010,10/4/2015,valed001,valenda01
vanslsc01,4,4,274,617,68,156,92,37,1,0.252836305,0.442463533,26,85,0.338983051,9,4,73,184,2,9,2,7,17,Scott Van Slyke,,220,76,R,R,5/9/2012,9/29/2015,vanss001,vanslsc01
vargake01,2,2,111,390,44,101,72,14,1,0.258974359,0.407692308,14,55,0.302380952,0,0,21,117,2,3,0,4,12,Kennys Vargas,,290,77,B,R,8/1/2014,10/4/2015,vargk001,vargake01
venabwi01,9,10,955,2818,376,706,469,117,39,0.250532292,0.405961675,81,307,0.322179732,135,31,254,743,26,25,15,15,34,Will Venable,,205,75,L,L,8/29/2008,10/3/2015,venaw001,venabwi01
victosh01,14,16,1299,4630,731,1274,865,231,70,0.275161987,0.425269978,108,489,0.341139735,231,46,381,626,12,81,52,20,60,Shane Victorino,,190,69,R,R,4/2/2003,10/4/2015,victs001,victosh01
villajo01,3,3,198,589,75,139,95,29,5,0.235993209,0.353140917,10,46,0.302469136,42,14,53,180,2,2,12,2,12,Jonathan Villar,,215,73,B,R,7/22/2013,10/2/2015,villj001,villajo01
vogtst01,4,4,285,874,102,225,151,37,6,0.257437071,0.419908467,31,122,0.326530612,1,3,83,166,9,3,2,11,13,Stephen Vogt,,215,72,L,R,4/6/2012,10/3/2015,vogts001,vogtst01
vottojo01,9,9,1110,3945,656,1226,744,276,14,0.310773131,0.533840304,192,633,0.434899052,59,27,754,884,97,34,0,24,85,Joey Votto,,220,74,L,R,9/4/2007,10/4/2015,vottj001,vottojo01
waldrky02,1,1,1,1,0,0,0,0,0,0,0,0,0,0,0,0,0,1,0,0,0,0,0,Kyle Waldrop,,215,74,L,L,8/2/2015,8/2/2015,waldk002,waldrky02
walkech02,2,2,13,27,1,4,2,1,0,0.148148148,0.296296296,1,1,0.258064516,0,0,4,13,0,0,0,0,0,Christian Walker,,220,72,R,R,9/17/2014,9/30/2015,walkc002,walkech02
walkene01,7,7,836,3063,405,833,549,174,17,0.271955599,0.430950049,93,418,0.341193595,26,19,278,593,18,43,9,33,66,Neil Walker,,210,75,B,R,9/1/2009,10/4/2015,walkn001,walkene01
wallabr01,5,5,375,1067,124,264,169,58,3,0.24742268,0.402999063,34,118,0.323257767,2,2,90,349,9,22,1,3,23,Brett Wallace,,235,74,L,R,7/31/2010,10/3/2015,wallb001,wallabr01
walteza01,4,5,82,165,18,30,16,3,1,0.181818182,0.393939394,10,21,0.232954545,0,0,10,63,0,1,0,0,1,Zach Walters,,210,74,B,R,9/6/2013,8/11/2015,waltz001,walteza01
weeksje01,6,7,243,905,116,236,171,44,17,0.260773481,0.360220994,4,60,0.322322322,40,16,75,141,1,10,13,8,9,Jemile Weeks,,170,69,B,R,6/7/2011,7/28/2015,weekj001,weeksje01
weeksri01,12,12,1179,4140,691,1023,637,204,32,0.247101449,0.420531401,150,439,0.346738904,126,32,501,1127,13,127,9,18,69,Rickie Weeks,,220,70,R,R,9/15/2003,6/12/2015,weekr001,weeksri01
werthja01,13,13,1370,4707,764,1280,799,262,21,0.271935415,0.462715105,198,701,0.368861404,123,19,658,1242,31,59,4,43,78,Jayson Werth,,240,77,R,R,9/1/2002,10/4/2015,wertj001,werthja01
wietema01,7,7,758,2711,307,699,455,140,4,0.257838436,0.42309111,100,371,0.32473545,6,2,253,566,21,9,1,30,69,Matt Wieters,,230,77,B,R,5/29/2009,10/4/2015,wietm001,wietema01
willija01,2,2,14,24,2,5,3,1,0,0.208333333,0.375,1,4,0.366666667,1,0,6,5,0,0,0,0,1,Jackson Williams,,200,71,R,R,8/27/2014,10/4/2015,willj005,willija01
willima07,1,1,8,21,3,6,2,3,0,0.285714286,0.571428571,1,3,0.318181818,0,0,1,3,0,0,0,0,0,Mason Williams,,185,73,L,R,6/12/2015,6/19/2015,willm007,willima10
willima08,1,1,10,32,2,7,6,0,1,0.21875,0.28125,0,1,0.235294118,0,0,0,8,0,1,0,1,1,Mac Williamson,,240,77,R,R,9/23/2015,10/4/2015,willm008,willima11
wilsobo02,8,9,249,525,44,107,73,25,0,0.203809524,0.302857143,9,51,0.268630849,0,3,45,115,1,2,22,4,14,Bobby Wilson,,220,72,R,R,4/28/2008,9/27/2015,wilsb002,wilsobo02
wongko01,3,3,295,1018,129,255,182,43,7,0.250491159,0.374263261,23,103,0.305956679,38,12,60,178,5,19,5,6,24,Kolten Wong,,185,69,L,R,8/16/2013,10/4/2015,wongk001,wongko01
wrighda03,12,12,1546,5859,931,1746,1103,382,26,0.298003072,0.492404847,235,956,0.383503025,193,63,735,1237,73,45,0,65,152,David Wright,,205,72,R,R,7/21/2004,10/4/2015,wrigd002,wrighda03
yelicch01,3,3,332,1298,191,377,276,72,9,0.290446841,0.406009245,20,114,0.367556468,47,12,148,304,6,6,3,3,26,Christian Yelich,,195,74,L,R,7/23/2013,10/4/2015,yelic001,yelicch01
ynoara01,2,2,91,194,19,56,40,14,2,0.288659794,0.381443299,0,22,0.313432836,1,0,7,37,0,0,1,0,3,Rafael Ynoa,,190,72,B,R,9/1/2014,10/4/2015,ynoar001,ynoara01
youngch04,11,12,1243,4151,592,977,531,256,21,0.235364972,0.429294146,169,528,0.316115261,133,42,458,1050,16,30,16,30,51,Chris Young,,200,74,R,R,8/18/2006,10/3/2015,younc004,youngch04
youngde03,12,14,1118,4108,473,1162,824,218,11,0.282862707,0.420886076,109,566,0.318824066,36,21,179,784,18,40,1,43,136,Delmon Young,,240,75,R,R,8/29/2006,6/29/2015,yound003,youngde03
younger03,9,11,557,1505,237,371,285,58,20,0.246511628,0.327574751,8,88,0.315694528,144,35,136,291,3,15,23,4,14,Eric Young,,195,70,B,R,8/25/2009,10/1/2015,youne003,younger03
zimmery01,11,11,1293,4989,733,1412,873,320,19,0.28302265,0.475045099,200,783,0.353234718,37,14,510,983,40,20,1,52,161,Ryan Zimmerman,,220,75,R,R,9/1/2005,9/7/2015,zimmr001,zimmery01
zobribe01,11,12,1190,4317,641,1145,718,265,35,0.265230484,0.431086403,127,567,0.357968127,105,39,604,757,26,22,19,51,80,Ben Zobrist,,210,75,B,R,8/1/2006,10/4/2015,zobrb001,zobribe01
zuninmi01,3,3,295,961,101,185,109,36,2,0.192507804,0.352757544,38,102,0.252862595,1,4,54,339,1,25,8,7,23,Mike Zunino,,220,74,R,R,6/12/2013,8/27/2015,zunim001,zuninmi01
